Date,Price,Open,High,Low,Vol.,Change %
3/5/2026,2311.34,2317.00,2317.03,2297.65,108.81K,-0.24%
2/5/2026,2316.96,2296.12,2338.93,2293.01,99.04K,0.93%
1/5/2026,2295.59,2257.41,2324.52,2257.41,224.35K,1.70%
30-04-2026,2257.19,2252.89,2278.89,2232.17,203.04K,0.19%
29-04-2026,2252.84,2289.56,2346.26,2221.20,418.41K,-1.61%
28-04-2026,2289.67,2302.49,2310.61,2261.41,233.06K,-0.61%
27-04-2026,2303.68,2372.41,2403.09,2267.05,367.48K,-2.76%
26-04-2026,2369.05,2318.45,2379.20,2307.08,204.69K,2.15%
25-04-2026,2319.29,2314.77,2323.09,2301.68,89.88K,0.18%
24-04-2026,2315.03,2331.48,2336.52,2300.35,226.77K,-0.65%
23-04-2026,2330.29,2378.02,2379.13,2286.18,420.93K,-1.85%
22-04-2026,2374.15,2327.02,2422.56,2313.98,451.45K,2.01%
21-04-2026,2327.47,2315.75,2336.33,2286.69,278.64K,0.59%
20-04-2026,2313.86,2262.53,2345.10,2262.53,353.67K,2.26%
19-04-2026,2262.73,2350.33,2355.32,2253.11,295.91K,-3.73%
18-04-2026,2350.33,2419.22,2427.28,2340.11,255.14K,-2.92%
17-04-2026,2420.95,2348.28,2463.41,2318.26,558.53K,3.08%
16-04-2026,2348.72,2359.72,2368.97,2286.73,369.24K,-0.47%
15-04-2026,2359.91,2322.41,2384.00,2310.63,308.00K,1.61%
14-04-2026,2322.57,2370.17,2412.27,2303.54,535.11K,-2.01%
13-04-2026,2370.17,2192.01,2390.65,2176.28,525.93K,8.13%
12/4/2026,2192.01,2284.98,2288.53,2177.23,296.25K,-4.06%
11/4/2026,2284.84,2245.08,2327.28,2229.51,247.48K,1.77%
10/4/2026,2245.08,2190.20,2257.02,2176.82,322.66K,2.56%
9/4/2026,2189.02,2190.12,2241.98,2159.17,328.99K,-0.08%
8/4/2026,2190.71,2247.40,2269.43,2181.08,484.18K,-2.29%
7/4/2026,2241.99,2105.96,2270.33,2062.12,534.12K,6.41%
6/4/2026,2106.95,2110.33,2168.89,2089.67,437.99K,-0.09%
5/4/2026,2108.94,2065.45,2121.27,2022.68,207.05K,2.11%
4/4/2026,2065.37,2053.74,2082.47,2045.28,121.27K,0.57%
3/4/2026,2053.70,2058.21,2074.69,2042.16,215.07K,-0.16%
2/4/2026,2056.95,2139.90,2158.57,2017.64,442.97K,-3.84%
1/4/2026,2139.02,2105.15,2165.17,2083.72,454.40K,1.60%
31-03-2026,2105.31,2026.79,2121.84,2013.28,493.58K,3.93%
30-03-2026,2025.77,1984.87,2083.63,1980.82,404.56K,2.11%
29-03-2026,1983.84,1995.05,2018.60,1940.07,214.93K,-0.52%
28-03-2026,1994.22,1992.57,2038.21,1983.35,193.03K,0.06%
27-03-2026,1992.95,2060.54,2076.47,1972.60,464.73K,-3.28%
26-03-2026,2060.43,2168.76,2172.16,2034.86,408.98K,-5.00%
25-03-2026,2168.90,2156.25,2198.33,2147.75,329.60K,0.59%
24-03-2026,2156.24,2152.02,2174.83,2104.37,376.89K,0.19%
23-03-2026,2152.15,2055.26,2195.80,2024.09,697.02K,4.78%
22-03-2026,2053.90,2082.94,2126.54,2027.66,367.52K,-1.53%
21-03-2026,2085.74,2147.09,2167.43,2073.19,161.81K,-2.82%
20-03-2026,2146.34,2137.95,2176.04,2117.61,373.44K,0.40%
19-03-2026,2137.76,2203.07,2232.14,2102.37,574.70K,-2.97%
18-03-2026,2203.24,2321.15,2348.37,2155.18,557.34K,-4.94%
17-03-2026,2317.70,2352.72,2373.99,2297.80,565.69K,-1.43%
16-03-2026,2351.41,2178.29,2384.54,2165.43,953.43K,7.93%
15-03-2026,2178.61,2096.17,2200.95,2083.50,319.76K,3.94%
14-03-2026,2096.00,2092.56,2105.54,2062.67,184.57K,0.16%
13-03-2026,2092.62,2073.08,2206.20,2071.16,689.33K,0.94%
12/3/2026,2073.08,2051.89,2093.27,2018.32,477.68K,1.03%
11/3/2026,2051.85,2036.72,2085.48,2007.84,390.98K,0.74%
10/3/2026,2036.72,1994.01,2087.91,1991.31,517.00K,2.14%
9/3/2026,1994.03,1937.15,2051.73,1931.99,623.60K,2.94%
8/3/2026,1937.16,1969.29,1979.42,1917.84,462.32K,-1.63%
7/3/2026,1969.29,1978.51,1995.97,1950.38,217.20K,-0.47%
6/3/2026,1978.49,2072.96,2092.70,1956.66,469.56K,-4.55%
5/3/2026,2072.90,2129.24,2161.79,2055.17,494.19K,-2.65%
4/3/2026,2129.34,1982.78,2198.06,1945.35,819.54K,7.39%
3/3/2026,1982.78,2026.63,2040.31,1932.97,591.45K,-2.16%
2/3/2026,2026.55,1939.43,2080.95,1922.26,668.31K,4.49%
1/3/2026,1939.43,1964.69,2051.87,1907.93,624.99K,-1.30%
28-02-2026,1964.99,1930.29,1980.60,1837.20,540.94K,1.80%
27-02-2026,1930.29,2027.60,2062.87,1890.38,486.48K,-4.80%
26-02-2026,2027.58,2057.52,2082.78,1976.32,482.75K,-1.40%
25-02-2026,2056.43,1852.01,2138.89,1846.80,763.31K,11.06%
24-02-2026,1851.68,1856.78,1869.47,1804.02,489.81K,-0.28%
23-02-2026,1856.79,1958.23,1958.23,1838.69,614.56K,-5.16%
22-02-2026,1957.86,1973.51,1983.03,1935.61,183.14K,-0.83%
21-02-2026,1974.23,1968.89,1995.31,1956.30,210.76K,0.26%
20-02-2026,1969.13,1948.92,1981.06,1924.04,443.85K,1.04%
19-02-2026,1948.96,1956.17,1985.87,1907.76,360.18K,-0.35%
18-02-2026,1955.79,1991.84,2037.08,1924.68,442.86K,-1.79%
17-02-2026,1991.37,1998.44,2014.75,1942.82,451.67K,-0.37%
16-02-2026,1998.79,1966.15,2022.53,1938.18,409.07K,1.66%
15-02-2026,1966.20,2086.56,2102.23,1928.98,911.14K,-5.74%
14-02-2026,2086.00,2047.40,2105.94,2043.66,269.81K,1.79%
13-02-2026,2049.30,1947.97,2070.17,1925.13,528.12K,5.21%
12/2/2026,1947.86,1943.09,2000.30,1899.12,530.21K,0.29%
11/2/2026,1942.16,2019.62,2031.44,1903.93,637.03K,-3.86%
10/2/2026,2020.18,2107.47,2123.09,1993.29,655.72K,-4.01%
9/2/2026,2104.66,2095.24,2145.88,2010.58,706.68K,0.68%
8/2/2026,2090.37,2088.16,2147.34,2067.48,536.96K,-0.07%
7/2/2026,2091.88,2063.24,2115.88,1996.89,1.27M,1.39%
6/2/2026,2063.22,1826.88,2091.91,1755.31,2.26M,12.95%
5/2/2026,1826.72,2147.63,2169.53,1822.22,2.18M,-14.94%
4/2/2026,2147.63,2228.05,2294.02,2077.96,1.38M,-3.85%
3/2/2026,2233.65,2341.96,2359.12,2112.88,1.44M,-4.79%
2/2/2026,2345.93,2263.60,2393.13,2160.95,1.39M,3.36%
1/2/2026,2269.75,2447.88,2474.90,2226.72,1.15M,-7.35%
31-01-2026,2449.82,2705.75,2714.59,2256.41,1.27M,-9.51%
30-01-2026,2707.26,2825.40,2828.47,2643.58,894.05K,-4.09%
29-01-2026,2822.63,3011.86,3012.79,2757.15,642.44K,-6.25%
28-01-2026,3010.70,3022.40,3044.24,2986.89,330.74K,-0.53%
27-01-2026,3026.70,2930.13,3034.93,2901.95,529.91K,3.30%
26-01-2026,2930.13,2817.61,2949.12,2813.69,544.01K,3.96%
25-01-2026,2818.39,2953.26,2959.36,2787.76,417.20K,-4.57%
24-01-2026,2953.25,2957.13,2970.32,2949.72,102.43K,-0.11%
23-01-2026,2956.47,2953.23,3016.58,2898.40,359.70K,0.13%
22-01-2026,2952.71,2986.09,3036.86,2908.43,320.83K,-0.99%
21-01-2026,2982.26,2945.33,3065.67,2867.89,631.77K,1.45%
20-01-2026,2939.74,3187.57,3199.52,2933.33,566.69K,-7.83%
19-01-2026,3189.54,3283.88,3283.88,3166.95,490.13K,-2.86%
18-01-2026,3283.32,3308.27,3367.95,3279.70,200.50K,-0.82%
17-01-2026,3310.44,3296.26,3329.07,3283.94,145.16K,0.43%
16-01-2026,3296.37,3318.77,3326.25,3253.10,270.94K,-0.67%
15-01-2026,3318.51,3354.51,3384.08,3277.21,461.63K,-1.07%
14-01-2026,3354.51,3333.05,3397.67,3283.26,609.93K,0.87%
13-01-2026,3325.69,3095.64,3354.20,3092.02,520.42K,7.43%
12/1/2026,3095.64,3123.35,3170.63,3073.34,335.63K,-0.85%
11/1/2026,3122.22,3084.70,3145.69,3084.70,165.48K,1.15%
10/1/2026,3086.66,3087.39,3103.39,3078.83,97.49K,-0.05%
9/1/2026,3088.34,3106.65,3142.87,3060.74,305.97K,-0.58%
8/1/2026,3106.41,3168.76,3182.21,3057.92,388.86K,-1.97%
7/1/2026,3168.74,3296.76,3296.76,3127.50,382.61K,-3.88%
6/1/2026,3296.50,3224.90,3306.35,3192.80,483.14K,2.22%
5/1/2026,3224.79,3144.73,3263.74,3136.85,452.43K,2.55%
4/1/2026,3144.63,3127.00,3162.06,3120.50,219.51K,0.56%
3/1/2026,3127.00,3125.38,3136.58,3077.72,157.85K,0.06%
2/1/2026,3125.08,3004.18,3147.85,2993.86,424.11K,4.02%
1/1/2026,3004.18,2971.69,3009.89,2971.69,151.75K,1.09%
31-12-2025,2971.69,2973.77,3023.29,2962.47,260.90K,-0.10%
30-12-2025,2974.63,2937.93,3004.90,2919.73,322.34K,1.22%
29-12-2025,2938.75,2947.14,3056.13,2912.60,563.24K,-0.39%
28-12-2025,2950.33,2949.17,2959.25,2927.49,141.12K,0.05%
27-12-2025,2948.85,2928.07,2959.14,2918.01,116.38K,0.71%
26-12-2025,2928.06,2904.13,2991.85,2895.12,368.38K,0.81%
25-12-2025,2904.44,2947.39,2970.81,2891.68,230.78K,-1.46%
24-12-2025,2947.39,2965.01,2977.24,2890.62,232.81K,-0.59%
23-12-2025,2964.86,3009.26,3035.36,2902.67,427.87K,-1.42%
22-12-2025,3007.61,3002.05,3072.66,2965.26,337.84K,0.19%
21-12-2025,3001.84,2978.07,3011.43,2945.00,180.21K,0.79%
20-12-2025,2978.27,2979.55,2994.22,2968.51,104.97K,-0.04%
19-12-2025,2979.55,2828.61,3015.04,2812.35,577.97K,5.34%
18-12-2025,2828.61,2833.42,2996.32,2778.73,668.53K,-0.17%
17-12-2025,2833.42,2962.31,3027.25,2792.22,562.14K,-4.35%
16-12-2025,2962.31,2964.91,2977.68,2884.92,411.02K,-0.09%
15-12-2025,2964.91,3062.53,3175.79,2901.43,587.26K,-3.19%
14-12-2025,3062.53,3114.69,3128.26,3032.48,310.56K,-1.67%
13-12-2025,3114.69,3087.17,3135.02,3078.81,153.10K,0.97%
12/12/2025,3084.81,3236.83,3265.02,3047.81,497.19K,-4.70%
11/12/2025,3236.78,3324.10,3326.96,3148.74,571.67K,-2.63%
10/12/2025,3324.08,3318.41,3444.22,3288.80,607.58K,0.17%
9/12/2025,3318.54,3123.95,3396.18,3091.01,680.94K,6.23%
8/12/2025,3123.95,3059.64,3179.32,3041.68,527.56K,2.09%
7/12/2025,3059.95,3038.16,3148.16,2931.17,451.46K,0.72%
6/12/2025,3038.16,3018.38,3067.90,3012.69,177.16K,0.54%
5/12/2025,3021.84,3137.28,3191.74,2990.15,589.07K,-3.55%
4/12/2025,3133.00,3186.49,3238.88,3069.71,548.28K,-1.75%
3/12/2025,3188.79,2998.57,3210.39,2986.60,612.01K,6.43%
2/12/2025,2996.10,2798.81,3032.07,2782.31,570.93K,6.97%
1/12/2025,2800.86,2993.69,2996.25,2719.79,912.61K,-6.38%
30-11-2025,2991.73,2990.70,3051.75,2976.76,200.64K,0.09%
29-11-2025,2989.11,3031.23,3051.25,2964.58,248.70K,-1.39%
28-11-2025,3031.22,3015.23,3094.14,2994.85,399.06K,0.51%
27-11-2025,3015.69,3026.61,3070.85,2986.94,307.23K,-0.37%
26-11-2025,3026.95,2959.41,3043.76,2889.86,410.18K,2.26%
25-11-2025,2960.07,2953.45,2979.00,2857.40,476.22K,0.22%
24-11-2025,2953.44,2802.16,2983.96,2764.06,777.93K,5.40%
23-11-2025,2801.99,2770.16,2858.10,2768.39,434.90K,1.14%
22-11-2025,2770.41,2765.94,2798.91,2705.74,285.19K,0.13%
21-11-2025,2766.76,2834.24,2885.37,2630.67,1.27M,-2.34%
20-11-2025,2832.98,3025.56,3062.03,2792.49,979.39K,-6.37%
19-11-2025,3025.72,3123.73,3125.00,2874.32,797.61K,-3.14%
18-11-2025,3123.73,3031.43,3169.72,2953.39,815.01K,3.09%
17-11-2025,3030.18,3095.98,3220.71,2959.66,814.35K,-2.13%
16-11-2025,3096.03,3167.91,3248.22,3018.88,606.01K,-2.27%
15-11-2025,3168.01,3112.49,3230.03,3112.49,358.82K,1.77%
14-11-2025,3113.03,3231.63,3255.85,3070.23,953.75K,-3.71%
13-11-2025,3232.94,3414.84,3565.07,3156.07,1.01M,-5.29%
12/11/2025,3413.60,3417.80,3587.25,3372.67,579.39K,-0.12%
11/11/2025,3417.56,3565.38,3645.25,3406.06,707.00K,-4.21%
10/11/2025,3567.87,3583.52,3657.37,3507.74,652.63K,-0.45%
9/11/2025,3584.18,3401.71,3616.74,3359.62,499.75K,5.37%
8/11/2025,3401.53,3435.93,3477.92,3357.06,318.89K,-1.00%
7/11/2025,3435.78,3317.07,3472.38,3197.44,736.25K,3.66%
6/11/2025,3314.43,3418.83,3454.88,3247.46,600.51K,-3.22%
5/11/2025,3424.74,3287.27,3479.37,3168.99,884.88K,4.12%
4/11/2025,3289.11,3603.94,3653.53,3060.02,1.68M,-8.73%
3/11/2025,3603.63,3906.73,3913.85,3561.69,960.18K,-7.80%
2/11/2025,3908.28,3874.80,3916.08,3841.28,237.53K,0.86%
1/11/2025,3874.80,3848.00,3903.85,3833.34,167.08K,0.70%
31-10-2025,3848.00,3804.94,3900.77,3796.50,516.06K,1.18%
30-10-2025,3803.00,3904.12,3948.72,3680.87,591.22K,-2.55%
29-10-2025,3902.70,3979.29,4035.95,3846.63,525.97K,-1.93%
28-10-2025,3979.45,4117.85,4175.19,3944.14,501.48K,-3.43%
27-10-2025,4120.90,4158.39,4251.51,4098.50,524.27K,-0.90%
26-10-2025,4158.33,3953.68,4177.48,3922.17,367.17K,5.17%
25-10-2025,3953.92,3934.85,3968.59,3914.24,156.18K,0.49%
24-10-2025,3934.75,3856.73,4012.48,3847.03,470.68K,2.02%
23-10-2025,3856.73,3805.95,3928.95,3797.83,518.15K,1.36%
22-10-2025,3805.16,3873.13,3888.51,3716.93,633.26K,-1.78%
21-10-2025,3874.27,3977.70,4109.46,3842.69,640.00K,-2.64%
20-10-2025,3979.43,3982.68,4083.67,3909.40,549.92K,-0.08%
19-10-2025,3982.53,3889.19,4028.09,3844.52,463.11K,2.41%
18-10-2025,3888.87,3835.39,3927.37,3821.16,271.11K,1.49%
17-10-2025,3831.60,3894.48,3950.32,3679.90,880.38K,-1.61%
16-10-2025,3894.48,3985.52,4082.07,3826.32,685.68K,-2.28%
15-10-2025,3985.52,4122.53,4209.66,3934.26,668.99K,-3.32%
14-10-2025,4122.38,4240.91,4259.70,3892.78,1.03M,-2.79%
13-10-2025,4240.91,4151.91,4286.97,4049.46,671.55K,2.10%
12/10/2025,4153.64,3747.58,4189.59,3695.86,867.81K,10.89%
11/10/2025,3745.85,3828.84,3876.45,3649.78,851.73K,-2.19%
10/10/2025,3829.58,4367.53,4393.54,3468.02,1.60M,-12.33%
9/10/2025,4367.94,4525.24,4531.11,4272.72,566.70K,-3.49%
8/10/2025,4525.69,4447.77,4556.93,4413.62,448.53K,1.75%
7/10/2025,4447.77,4684.04,4752.44,4434.04,693.74K,-5.09%
6/10/2025,4686.20,4512.54,4733.72,4489.90,515.68K,3.81%
5/10/2025,4514.27,4487.10,4615.62,4470.43,546.84K,0.60%
4/10/2025,4487.37,4512.45,4517.14,4441.51,225.29K,-0.53%
3/10/2025,4511.06,4484.32,4588.61,4428.18,576.94K,0.60%
2/10/2025,4484.19,4352.41,4516.02,4332.89,563.15K,3.23%
1/10/2025,4343.80,4145.18,4350.66,4123.48,548.55K,4.81%
30-09-2025,4144.60,4215.09,4234.27,4093.38,425.74K,-1.68%
29-09-2025,4215.36,4142.25,4235.71,4085.93,410.79K,1.73%
28-09-2025,4143.72,4018.54,4143.74,3967.03,259.40K,3.13%
27-09-2025,4017.89,4032.25,4037.23,3973.63,192.82K,-0.36%
26-09-2025,4032.30,3874.18,4066.01,3869.64,624.40K,4.13%
25-09-2025,3872.53,4152.87,4161.01,3825.38,1.05M,-6.76%
24-09-2025,4153.21,4164.35,4206.02,4081.77,388.34K,-0.27%
23-09-2025,4164.63,4200.63,4226.90,4120.28,358.41K,-0.82%
22-09-2025,4199.05,4443.73,4455.07,4085.84,791.99K,-5.52%
21-09-2025,4444.51,4480.39,4496.92,4443.96,162.63K,-0.80%
20-09-2025,4480.38,4468.66,4508.18,4454.92,143.44K,0.26%
19-09-2025,4468.66,4593.28,4620.57,4440.89,365.21K,-2.59%
18-09-2025,4587.65,4590.56,4643.15,4554.31,321.00K,-0.06%
17-09-2025,4590.56,4501.21,4616.50,4432.79,517.00K,1.99%
16-09-2025,4501.21,4523.56,4536.75,4425.72,324.49K,-0.49%
15-09-2025,4523.56,4604.95,4669.80,4467.56,442.38K,-1.77%
14-09-2025,4604.95,4667.07,4691.03,4579.29,296.82K,-1.33%
13-09-2025,4667.07,4711.99,4764.88,4606.47,429.56K,-0.95%
12/9/2025,4711.99,4458.79,4727.55,4451.40,557.87K,5.68%
11/9/2025,4458.79,4348.71,4468.79,4338.89,484.91K,2.53%
10/9/2025,4348.70,4309.63,4450.30,4285.25,555.58K,0.91%
9/9/2025,4309.63,4308.52,4381.56,4277.48,448.23K,0.07%
8/9/2025,4306.59,4306.47,4382.41,4279.38,429.46K,0.01%
7/9/2025,4306.25,4275.92,4334.56,4271.62,190.89K,0.78%
6/9/2025,4272.82,4306.96,4327.84,4244.15,223.04K,-0.79%
5/9/2025,4306.96,4304.72,4487.19,4259.12,687.12K,0.22%
4/9/2025,4297.66,4451.42,4481.61,4265.81,517.43K,-3.44%
3/9/2025,4450.68,4323.76,4489.97,4283.52,525.21K,2.90%
2/9/2025,4325.19,4314.51,4415.78,4258.89,571.36K,0.25%
1/9/2025,4314.22,4392.75,4491.06,4233.39,557.96K,-1.75%
31-08-2025,4391.11,4373.73,4497.74,4373.73,380.84K,0.40%
30-08-2025,4373.64,4360.12,4413.29,4260.87,364.72K,0.33%
29-08-2025,4359.20,4511.55,4513.67,4268.98,750.83K,-3.42%
28-08-2025,4513.55,4505.94,4632.15,4438.68,529.90K,0.17%
27-08-2025,4506.05,4596.53,4662.09,4488.02,660.38K,-2.06%
26-08-2025,4600.77,4376.34,4631.31,4320.12,899.03K,5.17%
25-08-2025,4374.73,4780.14,4796.61,4337.83,1.12M,-8.48%
24-08-2025,4779.86,4778.43,4955.90,4717.60,845.37K,0.03%
23-08-2025,4778.43,4831.22,4831.22,4663.42,549.58K,-1.09%
22-08-2025,4831.21,4225.28,4886.62,4209.40,1.38M,14.36%
21-08-2025,4224.52,4336.16,4339.33,4205.98,481.10K,-2.56%
20-08-2025,4335.37,4075.81,4375.03,4069.39,775.52K,6.37%
19-08-2025,4075.57,4313.46,4353.58,4067.90,886.22K,-5.47%
18-08-2025,4311.42,4472.43,4480.05,4227.41,886.81K,-3.60%
17-08-2025,4472.21,4421.48,4574.39,4395.64,471.90K,1.12%
16-08-2025,4422.56,4439.55,4489.73,4375.78,382.87K,-0.39%
15-08-2025,4440.05,4548.30,4665.69,4374.40,940.29K,-2.36%
14-08-2025,4547.35,4748.71,4787.25,4457.23,1.37M,-4.22%
13-08-2025,4747.87,4585.82,4782.21,4566.19,1.01M,3.42%
12/8/2025,4590.71,4223.41,4633.48,4223.41,972.25K,8.70%
11/8/2025,4223.42,4250.51,4361.60,4168.10,791.47K,-0.63%
10/8/2025,4250.18,4260.74,4330.30,4163.41,534.67K,-0.25%
9/8/2025,4260.74,4010.46,4323.72,4007.19,759.17K,6.28%
8/8/2025,4008.96,3900.74,4062.74,3880.25,809.06K,2.53%
7/8/2025,3909.96,3681.64,3925.12,3649.75,688.92K,6.15%
6/8/2025,3683.36,3609.32,3697.70,3565.08,401.22K,1.98%
5/8/2025,3611.69,3718.66,3719.30,3548.52,528.41K,-2.93%
4/8/2025,3720.89,3499.23,3734.29,3491.16,514.08K,6.42%
3/8/2025,3496.26,3403.62,3521.19,3358.01,326.76K,3.02%
2/8/2025,3393.92,3495.06,3537.10,3374.76,546.44K,-2.71%
1/8/2025,3488.36,3695.36,3724.02,3433.97,871.70K,-5.68%
31-07-2025,3698.46,3807.11,3877.70,3685.32,576.38K,-2.90%
30-07-2025,3808.91,3791.80,3833.91,3682.25,586.47K,0.39%
29-07-2025,3793.94,3793.22,3884.94,3717.75,648.34K,-0.08%
28-07-2025,3796.91,3866.14,3940.69,3755.56,684.41K,-1.93%
27-07-2025,3871.74,3740.60,3878.07,3732.33,501.29K,3.50%
26-07-2025,3740.86,3722.46,3791.74,3701.40,442.97K,0.43%
25-07-2025,3725.01,3704.65,3744.99,3577.93,833.98K,0.56%
24-07-2025,3704.21,3625.33,3770.91,3509.40,832.35K,2.13%
23-07-2025,3626.81,3745.74,3763.49,3529.45,870.81K,-3.18%
22-07-2025,3745.84,3761.58,3798.65,3620.83,945.19K,-0.41%
21-07-2025,3761.37,3756.65,3855.65,3702.27,893.14K,0.11%
20-07-2025,3757.32,3590.40,3818.91,3579.26,957.57K,4.60%
19-07-2025,3591.98,3544.29,3607.53,3509.90,455.77K,1.31%
18-07-2025,3545.58,3473.00,3672.61,3462.09,1.30M,2.09%
17-07-2025,3472.90,3372.74,3519.86,3314.38,1.13M,2.94%
16-07-2025,3373.85,3137.94,3423.83,3101.21,1.32M,7.49%
15-07-2025,3138.89,3010.34,3141.56,2935.11,960.31K,4.16%
14-07-2025,3013.63,2972.35,3080.84,2963.41,974.19K,1.41%
13-07-2025,2971.67,2940.26,3018.80,2937.62,447.36K,1.00%
12/7/2025,2942.36,2958.00,2979.23,2904.98,414.19K,-0.52%
11/7/2025,2957.71,2949.48,3038.28,2916.36,1.10M,0.22%
10/7/2025,2951.20,2768.62,2998.39,2755.98,1.09M,6.61%
9/7/2025,2768.27,2614.22,2792.73,2590.33,802.25K,5.89%
8/7/2025,2614.41,2542.35,2626.96,2524.00,443.16K,2.83%
7/7/2025,2542.35,2570.48,2589.45,2517.89,370.52K,-1.10%
6/7/2025,2570.57,2516.61,2600.59,2503.63,338.45K,2.16%
5/7/2025,2516.30,2508.02,2529.70,2487.93,192.73K,0.33%
4/7/2025,2508.02,2591.20,2601.01,2474.68,516.84K,-3.20%
3/7/2025,2590.98,2570.23,2633.54,2557.15,577.47K,0.81%
2/7/2025,2570.23,2405.07,2617.88,2381.67,723.08K,6.86%
1/7/2025,2405.26,2485.48,2499.93,2389.74,405.62K,-3.27%
30-06-2025,2486.52,2500.27,2521.92,2435.73,503.14K,-0.56%
29-06-2025,2500.42,2436.48,2522.64,2414.78,330.66K,2.66%
28-06-2025,2435.58,2423.13,2447.58,2406.29,187.18K,0.53%
27-06-2025,2422.65,2415.58,2462.73,2389.02,443.77K,0.29%
26-06-2025,2415.71,2418.51,2519.90,2394.99,547.43K,-0.11%
25-06-2025,2418.43,2448.42,2467.23,2393.47,497.52K,-1.23%
24-06-2025,2448.66,2410.64,2478.98,2377.26,605.39K,1.58%
23-06-2025,2410.48,2227.73,2431.24,2189.79,847.43K,8.18%
22-06-2025,2228.13,2295.96,2313.00,2115.66,948.76K,-2.92%
21-06-2025,2295.26,2406.48,2448.11,2220.62,559.63K,-4.62%
20-06-2025,2406.51,2520.66,2568.58,2377.42,714.24K,-4.55%
19-06-2025,2521.11,2525.35,2546.31,2485.11,289.13K,-0.17%
18-06-2025,2525.35,2509.61,2545.80,2468.33,564.96K,0.63%
17-06-2025,2509.59,2530.61,2616.83,2455.95,788.11K,-1.16%
16-06-2025,2538.95,2547.58,2678.91,2517.01,743.68K,-0.34%
15-06-2025,2547.58,2532.33,2557.76,2493.21,336.18K,0.64%
14-06-2025,2531.39,2573.16,2574.13,2491.10,367.98K,-1.84%
13-06-2025,2578.83,2639.50,2639.50,2447.78,1.31M,-2.45%
12/6/2025,2643.70,2771.72,2784.39,2621.67,776.74K,-4.63%
11/6/2025,2772.11,2813.27,2877.92,2745.91,932.96K,-1.55%
10/6/2025,2815.73,2680.07,2825.63,2657.28,1.25M,5.06%
9/6/2025,2680.07,2509.84,2693.39,2477.91,617.77K,6.78%
8/6/2025,2509.84,2524.66,2545.64,2492.16,290.34K,-0.59%
7/6/2025,2524.66,2476.45,2541.91,2457.03,286.60K,1.99%
6/6/2025,2475.34,2414.29,2528.84,2385.68,625.00K,2.53%
5/6/2025,2414.36,2607.10,2640.14,2394.08,900.97K,-7.39%
4/6/2025,2607.13,2591.81,2675.16,2583.93,578.93K,0.54%
3/6/2025,2593.03,2603.71,2651.52,2581.28,524.35K,-0.53%
2/6/2025,2606.81,2537.46,2614.71,2476.48,513.95K,2.73%
1/6/2025,2537.51,2526.39,2547.03,2471.06,363.69K,0.37%
31-05-2025,2528.09,2534.29,2550.02,2486.16,427.56K,-0.13%
30-05-2025,2531.29,2631.31,2648.56,2509.60,843.03K,-3.84%
29-05-2025,2632.50,2681.21,2784.23,2622.01,906.21K,-1.82%
28-05-2025,2681.20,2660.60,2688.44,2609.25,632.98K,0.76%
27-05-2025,2660.88,2562.86,2711.72,2512.16,891.74K,3.78%
26-05-2025,2563.84,2551.13,2596.93,2529.71,406.92K,0.50%
25-05-2025,2551.20,2530.68,2553.95,2467.77,394.65K,0.86%
24-05-2025,2529.32,2524.39,2575.62,2516.82,284.44K,0.11%
23-05-2025,2526.46,2664.62,2731.76,2503.87,1.07M,-5.15%
22-05-2025,2663.77,2545.88,2692.31,2545.70,962.37K,4.40%
21-05-2025,2551.42,2523.42,2614.54,2454.72,1.21M,1.09%
20-05-2025,2523.82,2528.23,2587.21,2446.16,751.55K,-0.17%
19-05-2025,2528.21,2498.79,2543.42,2352.64,961.23K,1.17%
18-05-2025,2498.97,2475.04,2585.12,2340.94,905.26K,0.97%
17-05-2025,2475.04,2537.14,2537.14,2449.57,566.93K,-2.44%
16-05-2025,2537.04,2545.46,2646.74,2531.45,680.35K,-0.44%
15-05-2025,2548.16,2610.78,2644.57,2480.73,862.28K,-2.36%
14-05-2025,2609.68,2680.04,2719.25,2549.01,928.09K,-2.63%
13-05-2025,2680.05,2494.95,2734.04,2418.44,1.15M,7.39%
12/5/2025,2495.73,2515.22,2621.09,2413.02,1.19M,-0.77%
11/5/2025,2515.22,2583.94,2594.80,2440.65,924.22K,-2.65%
10/5/2025,2583.78,2345.27,2597.68,2322.81,1.13M,10.17%
9/5/2025,2345.27,2207.18,2485.98,2185.92,1.79M,6.31%
8/5/2025,2206.13,1811.20,2225.02,1809.09,1.61M,21.80%
7/5/2025,1811.20,1816.71,1849.05,1788.76,520.17K,-0.30%
6/5/2025,1816.60,1820.34,1820.47,1754.38,436.53K,-0.21%
5/5/2025,1820.34,1809.06,1832.02,1783.66,382.49K,0.62%
4/5/2025,1809.05,1833.94,1849.68,1803.91,267.55K,-1.36%
3/5/2025,1833.93,1842.06,1848.21,1812.76,251.34K,-0.44%
2/5/2025,1842.06,1838.09,1869.96,1814.42,464.79K,0.20%
1/5/2025,1838.32,1793.62,1872.73,1792.54,606.44K,2.49%
30-04-2025,1793.58,1798.40,1816.38,1736.41,533.70K,-0.27%
29-04-2025,1798.47,1799.26,1841.95,1781.40,537.56K,-0.04%
28-04-2025,1799.24,1790.21,1826.35,1748.24,681.19K,0.44%
27-04-2025,1791.42,1820.65,1854.66,1785.03,378.99K,-1.61%
26-04-2025,1820.65,1784.58,1835.72,1779.80,399.27K,1.94%
25-04-2025,1785.96,1769.60,1825.49,1739.39,664.67K,0.93%
24-04-2025,1769.53,1795.05,1802.47,1725.56,552.53K,-1.42%
23-04-2025,1795.07,1756.94,1831.23,1745.53,987.58K,2.22%
22-04-2025,1756.11,1578.44,1767.10,1545.34,1.22M,11.18%
21-04-2025,1579.59,1587.00,1655.82,1569.22,765.65K,-0.48%
20-04-2025,1587.28,1613.18,1618.94,1566.80,313.17K,-1.57%
19-04-2025,1612.58,1587.98,1627.50,1585.19,254.25K,1.49%
18-04-2025,1588.93,1584.61,1600.54,1573.76,227.75K,0.39%
17-04-2025,1582.73,1577.85,1615.99,1563.87,509.34K,0.35%
16-04-2025,1577.14,1587.39,1611.43,1539.11,687.09K,-0.73%
15-04-2025,1588.80,1625.32,1660.34,1584.81,543.64K,-2.15%
14-04-2025,1623.73,1596.46,1690.44,1596.14,747.30K,1.62%
13-04-2025,1597.77,1643.09,1648.38,1566.77,665.93K,-2.82%
12/4/2025,1644.12,1566.90,1666.39,1546.84,570.51K,4.94%
11/4/2025,1566.77,1519.63,1587.87,1507.56,653.52K,2.93%
10/4/2025,1522.13,1669.39,1669.39,1475.06,1.03M,-8.84%
9/4/2025,1669.74,1473.05,1685.53,1388.12,2.13M,13.33%
8/4/2025,1473.40,1550.31,1618.47,1450.32,990.64K,-5.13%
7/4/2025,1553.01,1585.21,1633.22,1422.80,2.35M,-1.75%
6/4/2025,1580.65,1805.11,1816.30,1539.45,1.08M,-12.50%
5/4/2025,1806.47,1816.96,1827.20,1767.51,224.66K,-0.54%
4/4/2025,1816.36,1816.86,1835.30,1760.71,641.06K,-0.01%
3/4/2025,1816.53,1795.92,1844.01,1752.70,566.79K,1.17%
2/4/2025,1795.59,1905.00,1953.57,1783.01,821.61K,-5.74%
1/4/2025,1904.99,1822.41,1925.72,1818.07,499.06K,4.56%
31-03-2025,1821.95,1808.04,1851.59,1778.51,558.43K,0.83%
30-03-2025,1807.02,1828.23,1848.78,1773.41,371.08K,-1.14%
29-03-2025,1827.84,1896.93,1912.79,1801.47,455.60K,-3.63%
28-03-2025,1896.69,2002.95,2015.96,1864.56,694.86K,-5.34%
27-03-2025,2003.67,2009.58,2036.74,1988.10,396.46K,-0.29%
26-03-2025,2009.59,2066.19,2078.19,1982.60,474.96K,-2.74%
25-03-2025,2066.19,2081.24,2094.94,2038.55,364.91K,-0.60%
24-03-2025,2078.73,2006.00,2101.23,1978.62,528.63K,3.62%
23-03-2025,2006.02,1980.78,2019.69,1977.07,296.95K,1.27%
22-03-2025,1980.80,1965.74,2005.80,1965.45,185.64K,0.77%
21-03-2025,1965.58,1983.94,1996.73,1938.55,291.89K,-0.91%
20-03-2025,1983.57,2056.11,2066.45,1952.95,433.71K,-3.55%
19-03-2025,2056.62,1931.79,2069.43,1927.77,743.84K,6.42%
18-03-2025,1932.61,1926.94,1934.56,1873.19,353.90K,0.32%
17-03-2025,1926.35,1886.66,1951.93,1880.49,362.87K,2.05%
16-03-2025,1887.65,1936.53,1940.61,1863.28,353.24K,-2.56%
15-03-2025,1937.17,1910.71,1954.50,1904.30,225.98K,1.34%
14-03-2025,1911.62,1863.57,1945.25,1861.63,405.34K,2.52%
13-03-2025,1864.69,1906.05,1916.35,1823.72,617.45K,-2.28%
12/3/2025,1908.22,1923.22,1955.50,1833.70,844.66K,-0.73%
11/3/2025,1922.28,1865.07,1961.10,1766.97,1.26M,3.10%
10/3/2025,1864.40,2019.89,2144.65,1821.03,1.34M,-7.70%
9/3/2025,2019.89,2203.59,2211.54,1993.97,645.58K,-8.34%
8/3/2025,2203.59,2140.49,2232.28,2107.01,352.50K,2.92%
7/3/2025,2141.17,2202.22,2248.54,2105.35,844.51K,-2.78%
6/3/2025,2202.39,2243.09,2319.82,2177.78,636.24K,-1.75%
5/3/2025,2241.65,2170.29,2272.73,2156.24,721.81K,3.29%
4/3/2025,2170.29,2143.02,2221.61,2001.50,1.35M,0.99%
3/3/2025,2149.11,2509.98,2511.58,2099.70,1.18M,-14.66%
2/3/2025,2518.17,2217.53,2546.39,2179.67,1.35M,13.56%
1/3/2025,2217.53,2233.88,2280.35,2144.69,480.61K,-0.84%
28-02-2025,2236.41,2307.32,2312.79,2078.68,1.39M,-3.09%
27-02-2025,2307.73,2337.98,2379.59,2232.28,687.34K,-1.29%
26-02-2025,2337.98,2496.06,2507.13,2258.60,933.33K,-6.33%
25-02-2025,2496.06,2511.04,2533.18,2339.46,1.44M,-0.59%
24-02-2025,2510.94,2819.69,2838.22,2493.73,959.09K,-10.95%
23-02-2025,2819.69,2763.23,2837.98,2745.96,655.96K,2.04%
22-02-2025,2763.23,2662.35,2795.29,2654.73,485.01K,3.79%
21-02-2025,2662.35,2738.05,2841.56,2619.06,974.36K,-2.76%
20-02-2025,2738.03,2716.16,2767.27,2707.50,372.95K,0.81%
19-02-2025,2716.16,2671.36,2735.99,2657.15,362.40K,1.68%
18-02-2025,2671.36,2743.55,2754.43,2610.47,648.95K,-2.63%
17-02-2025,2743.47,2662.78,2845.96,2647.51,696.20K,3.03%
16-02-2025,2662.80,2693.04,2724.22,2656.73,207.06K,-1.14%
15-02-2025,2693.40,2725.51,2738.17,2675.51,216.63K,-1.18%
14-02-2025,2725.51,2675.33,2789.23,2665.51,466.76K,1.88%
13-02-2025,2675.30,2737.86,2756.21,2617.39,496.62K,-2.22%
12/2/2025,2735.91,2603.11,2789.88,2553.50,689.45K,5.10%
11/2/2025,2603.11,2661.00,2724.50,2579.93,521.35K,-2.18%
10/2/2025,2661.00,2628.27,2691.62,2563.27,425.46K,1.24%
9/2/2025,2628.27,2631.61,2681.93,2534.86,423.07K,-0.12%
8/2/2025,2631.56,2622.81,2666.86,2590.08,403.82K,0.33%
7/2/2025,2622.81,2688.28,2797.10,2564.79,745.29K,-2.44%
6/2/2025,2688.28,2785.69,2854.27,2666.71,772.85K,-3.49%
5/2/2025,2785.62,2731.76,2822.55,2702.34,731.42K,1.97%
4/2/2025,2731.76,2881.91,2884.91,2636.03,1.33M,-5.21%
3/2/2025,2881.90,2869.72,2904.34,2261.27,3.00M,0.42%
2/2/2025,2869.75,3116.44,3163.03,2788.75,1.17M,-8.00%
1/2/2025,3119.13,3298.69,3331.28,3102.98,377.66K,-5.44%
31-01-2025,3298.69,3247.22,3434.27,3214.07,700.31K,1.59%
30-01-2025,3247.22,3113.26,3281.91,3093.23,386.53K,4.30%
29-01-2025,3113.26,3077.78,3171.08,3055.53,449.52K,1.15%
28-01-2025,3077.83,3182.86,3222.96,3041.05,386.37K,-3.20%
27-01-2025,3179.47,3234.11,3253.00,3030.68,819.62K,-1.69%
26-01-2025,3234.18,3318.14,3359.15,3234.07,288.83K,-2.53%
25-01-2025,3318.14,3311.05,3350.22,3272.14,225.91K,0.21%
24-01-2025,3311.05,3338.42,3423.71,3276.30,497.87K,-0.82%
23-01-2025,3338.37,3242.60,3344.36,3189.50,672.00K,2.95%
22-01-2025,3242.60,3327.55,3365.53,3223.17,373.50K,-2.57%
21-01-2025,3328.30,3282.74,3364.90,3204.77,597.36K,1.39%
20-01-2025,3282.68,3216.67,3449.78,3150.35,1.26M,2.05%
19-01-2025,3216.74,3308.73,3445.65,3133.37,1.44M,-2.78%
18-01-2025,3308.74,3472.84,3493.38,3233.53,677.72K,-4.73%
17-01-2025,3472.84,3307.10,3524.96,3307.10,574.06K,5.01%
16-01-2025,3307.00,3450.79,3459.88,3267.48,536.74K,-4.17%
15-01-2025,3450.79,3224.16,3469.81,3187.66,527.11K,7.03%
14-01-2025,3224.06,3137.77,3254.32,3127.34,413.87K,2.75%
13-01-2025,3137.73,3267.52,3337.90,2943.61,952.50K,-3.97%
12/1/2025,3267.30,3282.89,3299.65,3225.06,187.61K,-0.50%
11/1/2025,3283.57,3267.08,3319.41,3219.02,170.84K,0.50%
10/1/2025,3267.08,3218.15,3320.94,3197.86,500.73K,1.52%
9/1/2025,3218.15,3327.14,3356.69,3160.67,543.60K,-3.28%
8/1/2025,3327.14,3380.50,3414.89,3218.35,638.46K,-1.58%
7/1/2025,3380.56,3687.71,3700.71,3358.95,589.56K,-8.33%
6/1/2025,3687.75,3635.11,3742.07,3611.01,364.63K,1.45%
5/1/2025,3635.11,3656.94,3672.41,3596.63,170.02K,-0.57%
4/1/2025,3656.13,3608.79,3669.62,3574.98,249.81K,1.31%
3/1/2025,3608.79,3455.21,3626.10,3424.79,367.78K,4.45%
2/1/2025,3455.19,3360.14,3494.60,3355.49,362.32K,2.83%
1/1/2025,3360.14,3337.80,3373.11,3315.98,209.22K,0.67%
31-12-2024,3337.80,3361.99,3449.27,3317.39,333.44K,-0.72%
30-12-2024,3361.99,3355.97,3436.83,3306.11,494.99K,0.18%
29-12-2024,3355.97,3404.53,3412.32,3327.45,176.43K,-1.43%
28-12-2024,3404.59,3334.23,3427.65,3322.42,196.38K,2.11%
27-12-2024,3334.19,3335.96,3438.85,3309.03,378.00K,-0.05%
26-12-2024,3335.96,3496.50,3512.77,3305.53,360.40K,-4.59%
25-12-2024,3496.49,3493.33,3546.29,3442.61,259.25K,0.09%
24-12-2024,3493.31,3422.01,3539.54,3359.77,352.36K,2.08%
23-12-2024,3422.01,3281.58,3463.58,3220.10,547.74K,4.28%
22-12-2024,3281.58,3338.72,3401.96,3223.39,400.57K,-1.71%
21-12-2024,3338.66,3474.05,3555.05,3294.00,521.99K,-3.90%
20-12-2024,3474.01,3418.83,3496.35,3103.72,1.45M,1.61%
19-12-2024,3418.84,3627.82,3719.52,3337.46,1.17M,-5.76%
18-12-2024,3627.88,3892.79,3902.30,3620.61,781.62K,-6.81%
17-12-2024,3892.79,3986.91,4040.69,3851.17,493.60K,-2.36%
16-12-2024,3986.91,3959.89,4102.90,3885.84,726.41K,0.68%
15-12-2024,3959.81,3871.13,3973.48,3832.12,272.40K,2.29%
14-12-2024,3871.13,3906.78,3943.06,3828.23,287.75K,-0.98%
13-12-2024,3909.48,3881.57,3966.50,3853.92,417.74K,0.72%
12/12/2024,3881.63,3831.70,3985.32,3797.58,634.18K,1.31%
11/12/2024,3831.41,3628.97,3848.02,3564.79,509.73K,5.58%
10/12/2024,3628.94,3718.98,3778.81,3521.57,1.02M,-2.42%
9/12/2024,3718.98,4002.91,4005.08,3550.21,1.02M,-7.09%
8/12/2024,4002.91,3996.25,4015.24,3924.77,273.27K,0.17%
7/12/2024,3996.24,3998.92,4023.96,3969.39,303.07K,-0.08%
6/12/2024,3999.51,3785.07,4084.99,3780.34,864.64K,5.66%
5/12/2024,3785.10,3836.23,3950.67,3696.83,1.05M,-1.33%
4/12/2024,3836.25,3615.07,3885.69,3615.07,1.06M,6.12%
3/12/2024,3615.07,3643.50,3669.40,3510.19,729.65K,-0.78%
2/12/2024,3643.48,3707.86,3756.70,3561.95,799.75K,-1.75%
1/12/2024,3708.33,3702.96,3743.78,3660.98,465.31K,0.14%
30-11-2024,3702.97,3592.13,3733.47,3572.64,563.91K,3.09%
29-11-2024,3592.13,3578.42,3642.95,3539.02,472.94K,0.38%
28-11-2024,3578.41,3653.26,3661.40,3530.79,613.22K,-2.06%
27-11-2024,3653.79,3326.30,3684.68,3303.79,827.39K,9.85%
26-11-2024,3326.30,3412.15,3460.40,3254.45,729.51K,-2.52%
25-11-2024,3412.18,3361.47,3544.71,3301.68,1.02M,1.51%
24-11-2024,3361.41,3393.92,3448.58,3285.45,525.45K,-0.96%
23-11-2024,3393.91,3327.68,3495.09,3316.84,785.63K,1.99%
22-11-2024,3327.77,3356.42,3424.47,3261.04,661.77K,-0.85%
21-11-2024,3356.43,3069.96,3386.41,3034.44,1.06M,9.34%
20-11-2024,3069.72,3106.07,3158.15,3030.91,550.53K,-1.17%
19-11-2024,3105.97,3207.54,3219.80,3066.26,549.16K,-3.16%
18-11-2024,3207.46,3075.42,3220.65,3052.29,698.67K,4.29%
17-11-2024,3075.42,3132.04,3160.10,3037.49,485.17K,-1.81%
16-11-2024,3132.00,3089.44,3215.90,3072.83,456.29K,1.38%
15-11-2024,3089.45,3058.15,3128.59,3015.75,557.27K,1.02%
14-11-2024,3058.22,3187.02,3238.39,3038.03,661.29K,-4.04%
13-11-2024,3187.02,3244.57,3326.89,3117.79,988.07K,-1.71%
12/11/2024,3242.44,3372.15,3440.05,3209.16,1.04M,-3.85%
11/11/2024,3372.13,3185.97,3384.62,3107.45,1.06M,5.84%
10/11/2024,3186.05,3126.25,3247.49,3076.40,925.65K,1.87%
9/11/2024,3127.69,2961.62,3153.38,2954.56,560.62K,5.62%
8/11/2024,2961.34,2894.20,2981.51,2887.19,598.52K,2.32%
7/11/2024,2894.13,2721.85,2914.81,2700.01,784.35K,6.33%
6/11/2024,2721.85,2422.50,2740.34,2422.03,1.07M,12.36%
5/11/2024,2422.50,2398.95,2478.74,2380.80,365.02K,0.98%
4/11/2024,2398.95,2457.68,2490.21,2362.91,335.81K,-2.39%
3/11/2024,2457.68,2492.54,2496.33,2411.72,305.38K,-1.39%
2/11/2024,2492.45,2511.96,2523.41,2472.02,158.36K,-0.78%
1/11/2024,2511.96,2519.14,2584.17,2471.45,463.34K,-0.28%
31-10-2024,2519.14,2658.62,2668.39,2506.64,432.07K,-5.25%
30-10-2024,2658.62,2638.64,2719.90,2600.61,494.31K,0.76%
29-10-2024,2638.64,2567.41,2679.50,2561.32,486.72K,2.77%
28-10-2024,2567.41,2507.82,2587.71,2473.03,393.16K,2.39%
27-10-2024,2507.39,2482.52,2525.37,2465.72,148.63K,1.00%
26-10-2024,2482.52,2441.20,2506.39,2430.77,265.53K,1.69%
25-10-2024,2441.18,2535.87,2564.13,2386.98,550.79K,-3.73%
24-10-2024,2535.87,2524.64,2561.75,2508.98,312.65K,0.39%
23-10-2024,2526.10,2622.91,2625.51,2463.67,385.15K,-3.65%
22-10-2024,2621.79,2666.66,2671.28,2607.54,293.69K,-1.68%
21-10-2024,2666.66,2747.28,2766.10,2656.65,336.97K,-2.93%
20-10-2024,2747.28,2647.42,2757.52,2635.82,280.67K,3.77%
19-10-2024,2647.39,2641.72,2662.63,2631.27,113.68K,0.21%
18-10-2024,2641.72,2605.53,2675.17,2596.72,315.00K,1.39%
17-10-2024,2605.53,2611.09,2646.96,2578.23,242.98K,-0.21%
16-10-2024,2611.09,2607.79,2645.42,2589.72,280.52K,0.12%
15-10-2024,2607.84,2630.54,2682.02,2540.15,442.58K,-0.86%
14-10-2024,2630.54,2468.94,2651.52,2444.63,474.24K,6.55%
13-10-2024,2468.92,2476.46,2484.13,2437.44,130.46K,-0.31%
12/10/2024,2476.48,2436.77,2489.53,2434.39,150.00K,1.63%
11/10/2024,2436.73,2385.40,2470.65,2382.22,254.87K,2.15%
10/10/2024,2385.40,2370.10,2417.90,2353.08,288.05K,0.64%
9/10/2024,2370.13,2440.91,2472.03,2355.24,268.06K,-2.90%
8/10/2024,2440.93,2422.73,2461.96,2403.20,221.59K,0.75%
7/10/2024,2422.75,2440.33,2520.05,2407.05,324.83K,-0.72%
6/10/2024,2440.33,2414.98,2455.95,2407.13,120.24K,1.05%
5/10/2024,2414.98,2414.44,2427.34,2390.08,114.50K,0.02%
4/10/2024,2414.43,2349.67,2440.74,2339.97,263.74K,2.76%
3/10/2024,2349.67,2365.53,2402.68,2311.68,344.36K,-0.67%
2/10/2024,2365.57,2449.65,2498.70,2355.21,343.59K,-3.43%
1/10/2024,2449.67,2602.30,2656.71,2422.11,535.54K,-5.91%
30-09-2024,2603.48,2657.67,2661.71,2579.32,308.41K,-2.04%
29-09-2024,2657.67,2675.71,2683.73,2634.69,171.03K,-0.67%
28-09-2024,2675.71,2694.53,2703.83,2651.38,145.42K,-0.70%
27-09-2024,2694.53,2632.05,2726.69,2616.01,304.78K,2.37%
26-09-2024,2632.05,2580.29,2664.95,2560.48,311.52K,2.00%
25-09-2024,2580.34,2652.47,2672.17,2557.82,244.76K,-2.72%
24-09-2024,2652.50,2647.65,2669.32,2593.31,330.16K,0.18%
23-09-2024,2647.65,2581.06,2701.60,2544.68,369.37K,2.53%
22-09-2024,2582.35,2613.25,2631.37,2527.75,233.74K,-1.19%
21-09-2024,2613.35,2561.29,2619.81,2530.28,184.26K,2.01%
20-09-2024,2561.79,2464.52,2570.58,2438.98,411.52K,3.95%
19-09-2024,2464.49,2374.95,2491.54,2373.22,383.18K,3.89%
18-09-2024,2372.18,2341.83,2372.54,2278.97,346.21K,1.30%
17-09-2024,2341.82,2295.72,2392.33,2264.52,324.97K,2.01%
16-09-2024,2295.72,2317.04,2334.45,2254.52,385.30K,-0.92%
15-09-2024,2317.04,2417.56,2428.91,2294.55,211.27K,-4.16%
14-09-2024,2417.56,2439.29,2440.40,2384.99,154.06K,-0.92%
13-09-2024,2440.12,2361.79,2459.47,2337.76,302.56K,3.32%
12/9/2024,2361.79,2340.33,2387.25,2316.39,249.29K,0.92%
11/9/2024,2340.19,2387.98,2388.40,2279.00,333.29K,-1.99%
10/9/2024,2387.71,2359.55,2397.10,2323.91,263.70K,1.19%
9/9/2024,2359.60,2296.24,2377.64,2274.51,375.74K,2.76%
8/9/2024,2296.19,2273.70,2331.99,2243.34,233.21K,0.94%
7/9/2024,2274.87,2225.69,2310.57,2222.93,259.55K,2.21%
6/9/2024,2225.72,2368.86,2407.07,2151.80,723.22K,-6.06%
5/9/2024,2369.18,2450.74,2465.66,2351.72,316.78K,-3.31%
4/9/2024,2450.18,2423.41,2488.86,2317.85,422.18K,1.11%
3/9/2024,2423.40,2538.35,2551.94,2419.89,250.97K,-4.53%
2/9/2024,2538.35,2427.35,2560.67,2425.66,299.34K,4.57%
1/9/2024,2427.49,2513.06,2515.77,2403.61,250.52K,-3.42%
31-08-2024,2513.56,2525.47,2532.93,2493.84,115.17K,-0.47%
30-08-2024,2525.45,2528.49,2540.79,2436.95,378.49K,-0.13%
29-08-2024,2528.72,2527.78,2594.63,2509.17,270.41K,0.04%
28-08-2024,2527.73,2457.92,2553.02,2421.79,515.14K,2.84%
27-08-2024,2457.99,2680.18,2699.73,2396.02,477.20K,-8.29%
26-08-2024,2680.30,2746.10,2761.69,2668.63,250.08K,-2.46%
25-08-2024,2747.99,2768.90,2792.11,2734.78,175.38K,-0.74%
24-08-2024,2768.49,2763.04,2818.05,2735.78,296.76K,0.20%
23-08-2024,2762.86,2623.06,2794.82,2622.15,456.21K,5.33%
22-08-2024,2623.06,2630.67,2644.06,2587.15,237.74K,-0.29%
21-08-2024,2630.67,2572.74,2659.21,2541.32,303.58K,2.25%
20-08-2024,2572.90,2637.10,2692.61,2557.87,342.51K,-2.43%
19-08-2024,2637.10,2612.10,2647.65,2565.17,252.46K,0.96%
18-08-2024,2612.10,2614.35,2682.09,2596.76,197.89K,-0.09%
17-08-2024,2614.35,2592.38,2626.62,2588.44,104.83K,0.85%
16-08-2024,2592.38,2569.90,2627.47,2552.92,305.13K,0.89%
15-08-2024,2569.44,2662.95,2675.13,2525.00,387.82K,-3.51%
14-08-2024,2662.95,2702.44,2761.71,2636.00,365.55K,-1.48%
13-08-2024,2702.95,2722.66,2737.55,2612.80,351.28K,-0.72%
12/8/2024,2722.64,2553.57,2747.46,2518.31,516.79K,6.62%
11/8/2024,2553.57,2609.91,2713.68,2545.99,319.79K,-2.17%
10/8/2024,2610.24,2598.79,2640.46,2579.59,186.39K,0.44%
9/8/2024,2598.90,2682.25,2703.80,2556.98,443.65K,-3.16%
8/8/2024,2683.84,2342.81,2716.50,2322.98,626.93K,14.80%
7/8/2024,2337.83,2461.84,2550.36,2311.79,671.86K,-5.04%
6/8/2024,2461.92,2415.98,2548.23,2415.98,691.59K,1.90%
5/8/2024,2415.99,2688.59,2696.91,2166.31,2.81M,-10.14%
4/8/2024,2688.55,2904.59,2931.40,2639.79,543.64K,-7.44%
3/8/2024,2904.59,2990.32,3017.57,2863.44,371.14K,-2.87%
2/8/2024,2990.32,3203.37,3217.36,2967.43,415.57K,-6.70%
1/8/2024,3204.93,3231.81,3242.07,3082.01,350.33K,-0.83%
31-07-2024,3231.84,3278.94,3348.63,3216.48,255.01K,-1.44%
30-07-2024,3278.94,3318.24,3366.02,3237.67,210.28K,-1.18%
29-07-2024,3318.24,3270.32,3396.70,3260.86,340.45K,1.47%
28-07-2024,3270.32,3248.83,3282.54,3201.64,113.09K,0.72%
27-07-2024,3247.06,3275.12,3326.91,3199.80,247.90K,-0.86%
26-07-2024,3275.12,3175.52,3285.72,3173.08,281.13K,3.14%
25-07-2024,3175.52,3335.33,3342.15,3089.07,524.98K,-4.79%
24-07-2024,3335.33,3482.54,3487.04,3311.80,292.51K,-4.23%
23-07-2024,3482.54,3440.01,3537.89,3396.70,521.07K,1.24%
22-07-2024,3440.01,3535.55,3559.66,3424.86,219.41K,-2.70%
21-07-2024,3535.55,3517.04,3544.71,3415.57,230.63K,0.53%
20-07-2024,3517.04,3504.42,3538.32,3480.08,157.77K,0.36%
19-07-2024,3504.42,3425.95,3539.42,3377.94,317.73K,2.29%
18-07-2024,3425.94,3387.83,3489.43,3374.48,256.50K,1.13%
17-07-2024,3387.81,3443.02,3514.65,3378.55,312.39K,-1.60%
16-07-2024,3442.99,3483.50,3494.60,3347.85,392.52K,-1.20%
15-07-2024,3484.78,3243.50,3490.89,3233.77,329.57K,7.44%
14-07-2024,3243.50,3175.10,3265.80,3165.38,171.44K,2.15%
13-07-2024,3175.10,3134.15,3200.12,3113.52,125.08K,1.33%
12/7/2024,3133.33,3099.82,3157.43,3048.61,195.63K,1.08%
11/7/2024,3099.82,3101.17,3214.07,3057.55,299.18K,-0.04%
10/7/2024,3101.17,3065.11,3149.76,3026.42,281.44K,1.18%
9/7/2024,3065.11,3019.64,3108.63,3004.62,292.94K,1.51%
8/7/2024,3019.64,2930.48,3084.20,2826.32,517.87K,3.04%
7/7/2024,2930.48,3068.79,3072.32,2923.63,194.87K,-4.51%
6/7/2024,3068.79,2981.40,3080.16,2955.65,225.18K,2.93%
5/7/2024,2981.40,3057.85,3108.66,2822.44,940.65K,-2.50%
4/7/2024,3057.81,3295.13,3313.23,3052.15,510.41K,-7.20%
3/7/2024,3295.13,3421.71,3432.12,3256.31,356.89K,-3.70%
2/7/2024,3421.71,3442.66,3463.90,3402.98,149.31K,-0.61%
1/7/2024,3442.67,3437.84,3522.00,3426.69,241.71K,0.14%
30-06-2024,3437.84,3378.60,3459.12,3356.74,150.94K,1.75%
29-06-2024,3378.60,3380.17,3408.32,3374.78,95.20K,-0.05%
28-06-2024,3380.15,3450.45,3487.12,3369.65,238.05K,-2.04%
27-06-2024,3450.45,3370.79,3472.72,3364.08,217.37K,2.37%
26-06-2024,3370.72,3395.03,3424.75,3328.42,250.14K,-0.72%
25-06-2024,3395.03,3352.26,3424.88,3337.14,275.47K,1.28%
24-06-2024,3352.29,3420.83,3433.89,3245.76,601.35K,-2.00%
23-06-2024,3420.84,3495.96,3520.35,3410.03,191.03K,-2.15%
22-06-2024,3495.87,3518.03,3520.80,3476.08,158.47K,-0.63%
21-06-2024,3518.03,3512.95,3543.69,3447.50,392.71K,0.15%
20-06-2024,3512.91,3561.24,3624.46,3486.58,371.29K,-1.36%
19-06-2024,3561.30,3484.57,3585.80,3466.82,346.10K,2.20%
18-06-2024,3484.55,3511.52,3515.87,3373.14,480.08K,-0.77%
17-06-2024,3511.52,3625.11,3636.99,3470.65,356.79K,-3.13%
16-06-2024,3625.11,3568.74,3650.11,3541.46,156.55K,1.58%
15-06-2024,3568.72,3481.75,3592.84,3474.26,256.22K,2.50%
14-06-2024,3481.84,3470.16,3530.94,3368.09,339.90K,0.34%
13-06-2024,3470.15,3559.95,3561.15,3433.13,316.98K,-2.52%
12/6/2024,3559.95,3497.99,3652.79,3464.17,418.36K,1.77%
11/6/2024,3498.00,3667.85,3672.92,3433.20,477.11K,-4.63%
10/6/2024,3667.85,3706.32,3711.90,3650.33,165.29K,-1.04%
9/6/2024,3706.32,3681.59,3719.02,3668.45,108.79K,0.67%
8/6/2024,3681.59,3678.36,3709.44,3670.34,147.95K,0.09%
7/6/2024,3678.37,3812.95,3840.88,3608.44,384.78K,-3.53%
6/6/2024,3812.95,3865.15,3878.28,3765.23,251.82K,-1.35%
5/6/2024,3865.14,3810.35,3885.15,3778.13,288.18K,1.44%
4/6/2024,3810.35,3767.10,3831.41,3743.11,247.96K,1.15%
3/6/2024,3767.10,3782.06,3849.47,3759.07,262.39K,-0.40%
2/6/2024,3782.08,3815.95,3838.34,3753.62,219.62K,-0.89%
1/6/2024,3815.95,3762.63,3832.35,3753.32,143.81K,1.42%
31-05-2024,3762.66,3747.89,3844.96,3724.57,294.56K,0.40%
30-05-2024,3747.55,3767.22,3824.94,3703.74,293.81K,-0.58%
29-05-2024,3769.57,3845.56,3886.44,3745.72,353.25K,-1.98%
28-05-2024,3845.56,3894.33,3929.21,3775.08,436.24K,-1.25%
27-05-2024,3894.33,3825.99,3976.00,3824.33,393.85K,1.79%
26-05-2024,3826.02,3749.28,3881.62,3733.77,313.07K,2.05%
25-05-2024,3749.28,3728.32,3776.75,3709.70,170.39K,0.57%
24-05-2024,3728.21,3785.61,3829.13,3635.18,514.00K,-1.52%
23-05-2024,3785.65,3739.07,3941.42,3645.49,1.19M,1.25%
22-05-2024,3739.08,3790.42,3810.50,3654.54,597.46K,-1.36%
21-05-2024,3790.46,3661.04,3833.07,3630.71,1.01M,3.53%
20-05-2024,3661.07,3072.07,3679.47,3048.33,899.51K,19.17%
19-05-2024,3072.08,3122.87,3135.99,3058.31,170.99K,-1.63%
18-05-2024,3122.87,3092.09,3145.59,3084.73,205.74K,0.97%
17-05-2024,3092.75,2944.99,3116.65,2933.39,369.55K,5.02%
16-05-2024,2944.99,3032.64,3040.62,2924.20,306.25K,-2.96%
15-05-2024,3034.71,2881.99,3041.11,2864.50,363.90K,5.30%
14-05-2024,2881.99,2951.01,2958.94,2866.00,279.49K,-2.34%
13-05-2024,2951.01,2929.36,2993.23,2865.08,381.30K,0.74%
12/5/2024,2929.35,2912.56,2953.92,2903.16,111.77K,0.58%
11/5/2024,2912.56,2909.86,2943.58,2889.62,144.62K,0.09%
10/5/2024,2909.86,3036.32,3052.94,2882.82,355.90K,-4.16%
9/5/2024,3036.32,2974.92,3057.07,2953.21,248.78K,2.06%
8/5/2024,2974.94,3006.32,3036.79,2941.71,283.76K,-1.04%
7/5/2024,3006.36,3062.03,3128.32,3004.04,315.01K,-1.82%
6/5/2024,3062.03,3136.40,3220.04,3048.65,377.37K,-2.37%
5/5/2024,3136.40,3117.14,3170.63,3074.55,229.16K,0.62%
4/5/2024,3117.23,3102.25,3146.74,3095.58,205.59K,0.48%
3/5/2024,3102.25,2987.11,3125.81,2958.98,381.95K,3.85%
2/5/2024,2987.12,2973.30,3014.55,2897.11,387.64K,0.47%
1/5/2024,2973.27,3014.38,3023.06,2819.19,672.37K,-1.36%
30-04-2024,3014.41,3216.85,3250.44,2927.77,591.88K,-6.28%
29-04-2024,3216.29,3261.72,3286.75,3119.56,438.13K,-1.39%
28-04-2024,3261.69,3255.57,3347.45,3250.66,318.13K,0.19%
27-04-2024,3255.57,3131.42,3282.99,3073.79,334.66K,3.98%
26-04-2024,3130.90,3155.83,3165.94,3104.77,263.09K,-0.79%
25-04-2024,3155.83,3141.03,3189.11,3078.65,369.13K,0.47%
24-04-2024,3141.03,3220.11,3292.31,3111.91,409.83K,-2.46%
23-04-2024,3220.13,3200.28,3262.50,3153.81,265.42K,0.61%
22-04-2024,3200.62,3147.84,3233.84,3130.24,306.74K,1.68%
21-04-2024,3147.83,3156.62,3195.43,3116.85,234.07K,-0.28%
20-04-2024,3156.63,3056.51,3168.90,3020.82,256.05K,3.29%
19-04-2024,3056.23,3064.49,3122.51,2871.82,645.65K,-0.27%
18-04-2024,3064.48,2985.82,3089.53,2955.31,423.99K,2.63%
17-04-2024,2985.82,3083.42,3123.68,2917.59,524.88K,-3.17%
16-04-2024,3083.43,3100.98,3125.19,2998.17,560.47K,-0.56%
15-04-2024,3100.94,3152.65,3273.03,3030.76,654.92K,-1.64%
14-04-2024,3152.65,3005.96,3168.52,2913.83,799.68K,4.93%
13-04-2024,3004.44,3237.16,3296.69,2863.89,1.06M,-7.27%
12/4/2024,3239.86,3502.55,3551.22,3150.92,739.63K,-7.50%
11/4/2024,3502.55,3545.16,3615.24,3479.15,349.38K,-1.20%
10/4/2024,3545.16,3506.95,3560.13,3419.12,404.41K,1.09%
9/4/2024,3506.96,3694.92,3723.75,3459.79,482.49K,-5.09%
8/4/2024,3694.93,3454.17,3727.87,3409.58,538.85K,6.97%
7/4/2024,3454.17,3351.99,3459.43,3344.89,217.80K,3.05%
6/4/2024,3352.03,3317.84,3394.80,3307.23,190.08K,1.03%
5/4/2024,3317.84,3327.45,3344.17,3212.89,359.70K,-0.29%
4/4/2024,3327.45,3310.82,3435.57,3254.31,371.23K,0.51%
3/4/2024,3310.62,3278.01,3366.75,3203.21,426.57K,1.00%
2/4/2024,3277.99,3502.84,3505.39,3216.48,647.13K,-6.42%
1/4/2024,3502.82,3647.08,3647.08,3421.96,422.72K,-3.96%
31-03-2024,3647.09,3506.82,3652.97,3505.17,252.38K,4.00%
30-03-2024,3506.83,3509.76,3564.04,3487.64,224.95K,-0.08%
29-03-2024,3509.76,3559.43,3583.18,3475.04,334.49K,-1.40%
28-03-2024,3559.43,3500.43,3609.66,3470.62,416.69K,1.69%
27-03-2024,3500.43,3587.48,3661.91,3462.44,460.87K,-2.43%
26-03-2024,3587.50,3590.62,3677.24,3544.55,520.43K,-0.09%
25-03-2024,3590.62,3455.35,3651.30,3421.09,584.66K,3.92%
24-03-2024,3455.33,3332.87,3469.66,3300.74,270.03K,3.67%
23-03-2024,3332.90,3334.19,3430.04,3275.78,334.86K,-0.04%
22-03-2024,3334.12,3492.89,3541.65,3254.56,589.84K,-4.55%
21-03-2024,3493.23,3514.73,3583.02,3413.60,638.79K,-0.61%
20-03-2024,3514.73,3165.07,3531.37,3063.60,1.26M,11.04%
19-03-2024,3165.20,3520.32,3546.23,3151.42,1.11M,-10.09%
18-03-2024,3520.30,3644.77,3644.77,3454.94,588.48K,-3.42%
17-03-2024,3644.78,3523.66,3678.07,3421.42,549.29K,3.44%
16-03-2024,3523.68,3741.16,3778.60,3476.82,567.02K,-5.81%
15-03-2024,3741.12,3881.70,3931.33,3591.51,981.71K,-3.68%
14-03-2024,3883.94,4004.30,4009.92,3729.51,672.52K,-3.01%
13-03-2024,4004.29,3979.30,4078.48,3935.60,503.46K,0.63%
12/3/2024,3979.30,4065.15,4091.28,3843.45,685.77K,-2.11%
11/3/2024,4065.02,3878.47,4081.72,3756.39,767.30K,4.81%
10/3/2024,3878.47,3905.17,3961.94,3793.64,372.52K,-0.68%
9/3/2024,3905.17,3883.20,3941.34,3872.96,265.43K,0.57%
8/3/2024,3883.20,3868.75,3991.89,3825.16,686.06K,0.35%
7/3/2024,3869.69,3814.56,3932.77,3736.33,568.32K,1.45%
6/3/2024,3814.56,3555.94,3899.99,3503.51,1.02M,7.27%
5/3/2024,3556.03,3626.39,3819.79,3237.28,1.48M,-1.94%
4/3/2024,3626.34,3488.67,3638.10,3445.47,769.53K,3.95%
3/3/2024,3488.67,3420.64,3491.53,3364.44,363.55K,1.99%
2/3/2024,3420.64,3433.51,3459.96,3395.03,296.91K,-0.37%
1/3/2024,3433.51,3339.25,3449.56,3339.24,431.98K,2.82%
29-02-2024,3339.26,3382.98,3520.80,3300.42,802.17K,-1.29%
28-02-2024,3383.03,3242.44,3482.48,3183.92,1.01M,4.35%
27-02-2024,3242.14,3175.94,3285.01,3165.91,674.56K,2.08%
26-02-2024,3175.94,3112.59,3193.67,3038.00,582.39K,2.04%
25-02-2024,3112.59,2992.29,3117.59,2984.29,450.78K,4.02%
24-02-2024,2992.29,2922.24,3005.95,2907.23,251.89K,2.40%
23-02-2024,2922.24,2972.47,2992.80,2906.43,441.33K,-1.69%
22-02-2024,2972.46,2971.18,3031.76,2907.22,595.92K,0.04%
21-02-2024,2971.18,3015.38,3016.76,2871.88,620.51K,-1.47%
20-02-2024,3015.38,2944.79,3030.61,2879.82,674.55K,2.40%
19-02-2024,2944.80,2880.16,2983.48,2859.82,478.68K,2.25%
18-02-2024,2880.10,2785.90,2892.79,2765.97,391.11K,3.38%
17-02-2024,2785.90,2801.80,2804.17,2721.21,251.97K,-0.57%
16-02-2024,2801.80,2822.59,2856.76,2759.52,401.19K,-0.74%
15-02-2024,2822.59,2775.12,2864.41,2760.98,520.70K,1.71%
14-02-2024,2775.12,2640.12,2785.51,2619.77,491.97K,5.11%
13-02-2024,2640.10,2657.91,2686.14,2597.15,530.99K,-0.67%
12/2/2024,2657.87,2506.69,2663.57,2473.54,477.42K,6.03%
11/2/2024,2506.69,2500.28,2537.85,2493.83,230.91K,0.26%
10/2/2024,2500.28,2486.24,2515.95,2472.92,194.43K,0.56%
9/2/2024,2486.24,2419.56,2522.96,2419.16,540.92K,2.76%
8/2/2024,2419.56,2424.66,2461.00,2412.01,350.33K,-0.21%
7/2/2024,2424.64,2372.65,2443.71,2354.46,355.40K,2.19%
6/2/2024,2372.65,2301.83,2390.53,2299.24,381.23K,3.08%
5/2/2024,2301.83,2289.78,2336.63,2271.28,244.98K,0.53%
4/2/2024,2289.78,2296.50,2310.34,2272.02,180.39K,-0.29%
3/2/2024,2296.50,2309.28,2329.50,2293.10,137.80K,-0.55%
2/2/2024,2309.28,2304.28,2324.57,2282.87,246.89K,0.22%
1/2/2024,2304.28,2283.14,2311.31,2240.79,323.61K,0.93%
31-01-2024,2283.14,2343.11,2350.80,2266.80,408.79K,-2.56%
30-01-2024,2343.11,2317.79,2389.23,2298.85,387.12K,1.09%
29-01-2024,2317.79,2256.92,2320.97,2237.69,318.84K,2.70%
28-01-2024,2256.92,2267.91,2306.43,2240.14,216.93K,-0.48%
27-01-2024,2267.91,2267.56,2282.16,2252.31,151.26K,0.02%
26-01-2024,2267.55,2217.71,2280.83,2195.88,377.79K,2.25%
25-01-2024,2217.71,2234.64,2242.85,2173.82,344.11K,-0.76%
24-01-2024,2234.64,2243.72,2264.66,2198.89,373.25K,-0.41%
23-01-2024,2243.74,2313.65,2351.18,2169.54,750.52K,-3.02%
22-01-2024,2313.64,2457.06,2465.97,2304.06,560.84K,-5.84%
21-01-2024,2457.06,2472.04,2481.63,2453.48,126.52K,-0.61%
20-01-2024,2472.03,2491.81,2491.81,2455.07,143.98K,-0.79%
19-01-2024,2491.81,2469.77,2504.09,2418.61,443.42K,0.89%
18-01-2024,2469.77,2531.26,2548.79,2430.97,467.22K,-2.43%
17-01-2024,2531.26,2588.63,2592.88,2510.00,380.90K,-2.22%
16-01-2024,2588.64,2511.95,2613.71,2501.00,395.07K,3.05%
15-01-2024,2511.94,2473.96,2553.24,2472.69,332.15K,1.54%
14-01-2024,2473.96,2578.36,2578.37,2470.21,316.45K,-4.05%
13-01-2024,2578.36,2523.99,2589.98,2498.48,436.91K,2.15%
12/1/2024,2523.98,2618.08,2712.88,2462.93,931.96K,-3.59%
11/1/2024,2618.08,2581.90,2688.26,2567.55,889.36K,1.41%
10/1/2024,2581.79,2344.29,2629.68,2342.21,1.12M,10.11%
9/1/2024,2344.67,2330.99,2369.60,2229.25,588.19K,0.59%
8/1/2024,2330.98,2221.40,2357.14,2167.42,565.23K,4.93%
7/1/2024,2221.40,2240.49,2254.70,2209.46,216.41K,-0.85%
6/1/2024,2240.49,2268.14,2269.65,2217.05,202.82K,-1.22%
5/1/2024,2268.12,2267.29,2275.25,2207.40,426.01K,0.04%
4/1/2024,2267.27,2209.49,2293.17,2202.99,467.01K,2.62%
3/1/2024,2209.49,2355.28,2383.92,2122.78,852.01K,-6.19%
2/1/2024,2355.27,2352.06,2430.53,2347.62,491.56K,0.14%
1/1/2024,2352.03,2281.89,2352.03,2266.75,229.28K,3.07%
31-12-2023,2281.90,2291.70,2320.91,2264.67,232.62K,-0.43%
30-12-2023,2291.70,2299.24,2322.76,2269.23,219.92K,-0.33%
29-12-2023,2299.24,2344.48,2385.26,2265.63,475.37K,-1.93%
28-12-2023,2344.47,2378.63,2443.59,2338.46,626.91K,-1.44%
27-12-2023,2378.63,2230.76,2391.53,2213.78,577.27K,6.63%
26-12-2023,2230.74,2271.38,2274.71,2184.60,429.50K,-1.79%
25-12-2023,2271.38,2263.57,2303.28,2253.25,298.17K,0.35%
24-12-2023,2263.57,2308.60,2325.08,2247.73,319.33K,-1.95%
23-12-2023,2308.61,2324.24,2330.07,2267.39,266.30K,-0.67%
22-12-2023,2324.23,2239.62,2341.52,2232.83,620.73K,3.78%
21-12-2023,2239.62,2202.19,2277.72,2183.35,471.46K,1.70%
20-12-2023,2202.19,2177.45,2263.30,2161.76,440.35K,1.14%
19-12-2023,2177.44,2218.82,2254.75,2137.80,400.94K,-1.86%
18-12-2023,2218.80,2197.01,2223.30,2123.06,388.26K,0.99%
17-12-2023,2197.04,2229.07,2247.84,2196.06,233.48K,-1.44%
16-12-2023,2229.07,2220.41,2262.68,2212.80,206.79K,0.39%
15-12-2023,2220.41,2315.40,2317.42,2213.18,349.63K,-4.11%
14-12-2023,2315.64,2260.18,2331.63,2237.39,461.60K,2.45%
13-12-2023,2260.18,2203.49,2283.84,2148.87,436.64K,2.57%
12/12/2023,2203.49,2225.33,2243.34,2168.18,377.05K,-0.98%
11/12/2023,2225.34,2352.26,2355.02,2164.16,678.03K,-5.40%
10/12/2023,2352.26,2340.55,2376.57,2324.18,206.78K,0.50%
9/12/2023,2340.55,2358.42,2401.34,2332.36,304.64K,-0.76%
8/12/2023,2358.42,2355.78,2389.36,2340.88,397.41K,0.11%
7/12/2023,2355.80,2233.45,2381.65,2224.61,518.61K,5.48%
6/12/2023,2233.45,2293.36,2310.20,2223.15,431.57K,-2.61%
5/12/2023,2293.34,2243.30,2302.29,2190.96,561.41K,2.22%
4/12/2023,2243.54,2192.79,2272.26,2191.43,601.45K,2.31%
3/12/2023,2192.79,2164.79,2215.46,2150.58,279.65K,1.29%
2/12/2023,2164.79,2087.21,2179.73,2086.29,344.20K,3.72%
1/12/2023,2087.21,2051.59,2109.32,2045.39,402.51K,1.74%
30-11-2023,2051.56,2028.99,2054.33,2021.44,252.49K,1.11%
29-11-2023,2028.99,2048.47,2071.36,2020.31,269.97K,-0.95%
28-11-2023,2048.47,2027.51,2074.79,1996.19,312.94K,1.03%
27-11-2023,2027.51,2062.30,2071.13,1987.43,354.28K,-1.70%
26-11-2023,2062.64,2082.91,2092.80,2038.28,259.79K,-0.98%
25-11-2023,2083.09,2080.63,2089.64,2065.17,154.35K,0.12%
24-11-2023,2080.62,2061.92,2129.20,2059.23,460.97K,0.91%
23-11-2023,2061.92,2063.05,2088.20,2040.66,264.01K,-0.06%
22-11-2023,2063.05,1934.62,2090.01,1930.66,506.35K,6.64%
21-11-2023,1934.62,2021.49,2034.51,1932.50,527.41K,-4.30%
20-11-2023,2021.49,2011.02,2064.05,1994.89,455.23K,0.52%
19-11-2023,2011.01,1961.72,2014.93,1943.63,269.02K,2.51%
18-11-2023,1961.72,1960.80,1971.02,1920.13,298.88K,0.05%
17-11-2023,1960.80,1961.77,1990.24,1908.24,430.92K,-0.05%
16-11-2023,1961.76,2058.93,2089.44,1940.44,585.12K,-4.72%
15-11-2023,2058.93,1979.40,2060.95,1967.97,455.57K,4.03%
14-11-2023,1979.10,2054.15,2064.51,1943.01,521.22K,-3.66%
13-11-2023,2054.18,2044.61,2115.24,2031.01,578.44K,0.47%
12/11/2023,2044.61,2053.40,2065.35,2020.76,354.64K,-0.43%
11/11/2023,2053.42,2077.72,2089.24,2033.56,405.96K,-1.17%
10/11/2023,2077.78,2120.16,2135.91,2068.79,640.31K,-2.00%
9/11/2023,2120.16,1888.42,2131.31,1882.91,1.21M,12.22%
8/11/2023,1889.29,1885.95,1903.67,1873.47,265.08K,0.18%
7/11/2023,1885.97,1900.98,1906.55,1852.05,370.10K,-0.79%
6/11/2023,1900.98,1891.81,1913.13,1870.00,359.00K,0.46%
5/11/2023,1892.36,1855.72,1911.00,1846.57,418.91K,1.97%
4/11/2023,1855.72,1832.31,1868.52,1824.40,190.18K,1.28%
3/11/2023,1832.29,1800.28,1834.16,1779.79,337.00K,1.78%
2/11/2023,1800.27,1846.60,1873.02,1789.00,398.43K,-2.51%
1/11/2023,1846.60,1815.12,1857.00,1783.98,509.01K,1.73%
31-10-2023,1815.13,1809.05,1819.43,1783.32,279.11K,0.34%
30-10-2023,1809.05,1794.96,1829.47,1778.59,304.47K,0.78%
29-10-2023,1794.96,1776.21,1809.98,1764.08,156.39K,1.06%
28-10-2023,1776.21,1779.54,1801.12,1772.08,134.10K,-0.19%
27-10-2023,1779.54,1803.38,1803.63,1751.77,298.24K,-1.31%
26-10-2023,1803.13,1787.00,1864.81,1764.43,471.17K,0.90%
25-10-2023,1787.00,1784.88,1814.21,1761.39,389.39K,0.12%
24-10-2023,1784.88,1763.79,1853.31,1757.32,750.21K,1.20%
23-10-2023,1763.75,1663.35,1791.99,1657.57,672.28K,6.04%
22-10-2023,1663.35,1628.94,1667.50,1623.29,246.68K,2.11%
21-10-2023,1628.94,1603.89,1642.33,1592.41,188.94K,1.56%
20-10-2023,1603.89,1566.78,1629.26,1561.62,343.61K,2.37%
19-10-2023,1566.79,1563.43,1573.48,1543.87,238.42K,0.21%
18-10-2023,1563.43,1564.99,1583.77,1556.15,199.43K,-0.10%
17-10-2023,1564.99,1599.48,1600.49,1553.63,250.22K,-2.16%
16-10-2023,1599.48,1557.79,1635.46,1555.13,452.69K,2.69%
15-10-2023,1557.66,1554.96,1565.80,1550.05,128.70K,0.17%
14-10-2023,1554.96,1552.17,1559.94,1545.32,107.26K,0.18%
13-10-2023,1552.17,1539.70,1574.08,1538.07,208.91K,0.81%
12/10/2023,1539.70,1566.88,1568.47,1523.78,260.59K,-1.73%
11/10/2023,1566.88,1567.62,1578.16,1549.16,279.01K,-0.05%
10/10/2023,1567.60,1579.77,1593.73,1552.34,255.41K,-0.77%
9/10/2023,1579.74,1632.85,1635.13,1550.10,372.11K,-3.25%
8/10/2023,1632.85,1633.58,1641.30,1616.80,159.27K,-0.04%
7/10/2023,1633.58,1640.59,1643.25,1630.18,107.55K,-0.73%
6/10/2023,1645.62,1611.58,1659.99,1611.58,238.24K,2.11%
5/10/2023,1611.58,1646.61,1654.03,1609.54,253.05K,-2.15%
4/10/2023,1647.05,1656.88,1657.61,1630.48,243.08K,-0.59%
3/10/2023,1656.88,1662.79,1670.45,1644.05,216.11K,-0.36%
2/10/2023,1662.79,1732.90,1742.42,1638.04,412.81K,-4.05%
1/10/2023,1732.89,1670.92,1741.94,1668.94,245.32K,3.71%
30-09-2023,1670.92,1667.71,1693.68,1666.25,147.60K,0.19%
29-09-2023,1667.72,1652.89,1686.63,1648.47,273.45K,0.90%
28-09-2023,1652.89,1598.53,1667.61,1598.16,354.03K,3.40%
27-09-2023,1598.49,1594.05,1633.50,1585.28,307.59K,0.28%
26-09-2023,1594.04,1588.62,1597.67,1580.60,141.61K,0.34%
25-09-2023,1588.62,1580.55,1596.57,1564.70,191.41K,0.51%
24-09-2023,1580.55,1593.89,1600.37,1573.94,144.30K,-0.84%
23-09-2023,1593.89,1593.10,1597.96,1587.79,69.31K,0.05%
22-09-2023,1593.10,1584.03,1601.79,1578.78,135.12K,0.57%
21-09-2023,1584.03,1622.28,1625.31,1569.03,264.25K,-2.36%
20-09-2023,1622.28,1643.14,1649.17,1610.14,253.88K,-1.27%
19-09-2023,1643.08,1636.88,1659.53,1627.31,201.84K,0.38%
18-09-2023,1636.92,1622.63,1668.87,1609.69,302.35K,0.88%
17-09-2023,1622.65,1634.41,1635.00,1612.87,127.49K,-0.72%
16-09-2023,1634.41,1641.31,1650.04,1631.74,107.11K,-0.42%
15-09-2023,1641.31,1626.49,1652.40,1612.25,194.29K,0.91%
14-09-2023,1626.49,1607.63,1639.23,1607.08,293.64K,1.17%
13-09-2023,1607.63,1592.50,1614.43,1582.03,238.31K,0.95%
12/9/2023,1592.50,1551.89,1617.39,1549.71,354.59K,2.62%
11/9/2023,1551.89,1617.44,1618.80,1533.95,444.95K,-4.05%
10/9/2023,1617.44,1635.56,1635.72,1604.26,220.97K,-1.11%
9/9/2023,1635.56,1636.45,1637.21,1630.12,63.97K,-0.05%
8/9/2023,1636.45,1648.09,1657.53,1618.39,236.38K,-0.71%
7/9/2023,1648.09,1633.18,1658.04,1624.07,243.55K,0.91%
6/9/2023,1633.18,1634.46,1667.08,1610.49,240.73K,-0.08%
5/9/2023,1634.46,1630.53,1647.67,1610.02,219.79K,0.24%
4/9/2023,1630.51,1635.86,1643.31,1618.49,178.25K,-0.33%
3/9/2023,1635.85,1637.05,1645.16,1625.61,124.14K,-0.07%
2/9/2023,1637.05,1629.00,1644.63,1628.11,109.03K,0.49%
1/9/2023,1629.00,1645.82,1654.39,1603.67,319.19K,-1.02%
31-08-2023,1645.82,1705.23,1723.95,1634.74,355.27K,-3.48%
30-08-2023,1705.22,1729.69,1730.71,1696.99,218.44K,-1.41%
29-08-2023,1729.69,1653.22,1742.83,1640.29,528.63K,4.63%
28-08-2023,1653.22,1658.34,1660.80,1628.79,229.39K,-0.31%
27-08-2023,1658.33,1647.05,1660.11,1646.35,94.20K,0.68%
26-08-2023,1647.05,1653.74,1655.58,1644.04,84.34K,-0.40%
25-08-2023,1653.74,1661.18,1676.13,1636.77,250.86K,-0.43%
24-08-2023,1660.89,1679.93,1683.03,1642.45,246.62K,-1.13%
23-08-2023,1679.93,1634.30,1697.63,1629.86,399.71K,2.79%
22-08-2023,1634.29,1667.60,1669.22,1588.36,424.51K,-2.00%
21-08-2023,1667.60,1685.24,1686.11,1651.77,265.91K,-1.05%
20-08-2023,1685.24,1669.68,1692.47,1662.82,205.82K,0.93%
19-08-2023,1669.67,1661.27,1693.88,1654.35,243.31K,0.51%
18-08-2023,1661.26,1681.51,1698.77,1646.32,572.90K,-1.34%
17-08-2023,1683.89,1807.81,1809.81,1560.88,876.70K,-6.85%
16-08-2023,1807.81,1828.98,1831.52,1803.31,217.47K,-1.16%
15-08-2023,1828.98,1845.51,1847.35,1816.32,196.60K,-0.90%
14-08-2023,1845.51,1840.73,1856.48,1835.90,158.11K,0.26%
13-08-2023,1840.73,1849.94,1861.50,1835.51,126.51K,-0.50%
12/8/2023,1849.94,1848.88,1853.54,1846.13,66.93K,0.06%
11/8/2023,1848.88,1852.46,1857.17,1840.65,120.55K,-0.19%
10/8/2023,1852.46,1855.36,1865.94,1847.34,134.21K,-0.16%
9/8/2023,1855.36,1856.24,1870.48,1846.76,203.58K,-0.05%
8/8/2023,1856.24,1829.10,1871.77,1826.40,253.39K,1.48%
7/8/2023,1829.11,1830.28,1846.41,1805.30,243.92K,-0.06%
6/8/2023,1830.28,1836.48,1838.08,1826.12,100.32K,-0.34%
5/8/2023,1836.48,1830.24,1838.62,1827.52,103.08K,0.34%
4/8/2023,1830.24,1835.98,1849.13,1819.65,199.60K,-0.31%
3/8/2023,1835.98,1839.76,1858.62,1828.34,182.56K,-0.23%
2/8/2023,1840.21,1874.21,1879.32,1822.94,272.70K,-1.81%
1/8/2023,1874.21,1856.17,1875.00,1818.06,386.29K,0.97%
31-07-2023,1856.17,1861.81,1876.03,1851.42,177.97K,-0.30%
30-07-2023,1861.81,1880.55,1884.33,1851.63,167.77K,-1.00%
29-07-2023,1880.55,1874.23,1886.26,1869.74,79.76K,0.34%
28-07-2023,1874.23,1861.32,1882.23,1856.90,148.92K,0.69%
27-07-2023,1861.32,1872.00,1885.87,1855.40,176.21K,-0.57%
26-07-2023,1872.00,1857.67,1886.92,1849.43,286.61K,0.77%
25-07-2023,1857.67,1850.05,1867.36,1845.68,161.06K,0.41%
24-07-2023,1850.04,1888.85,1890.78,1835.14,297.13K,-2.05%
23-07-2023,1888.85,1866.26,1903.95,1858.12,164.31K,1.21%
22-07-2023,1866.25,1891.75,1897.03,1854.09,143.13K,-1.35%
21-07-2023,1891.75,1891.68,1905.57,1884.95,176.39K,0.03%
20-07-2023,1891.23,1888.64,1928.36,1879.39,321.92K,0.14%
19-07-2023,1888.65,1897.58,1920.48,1882.18,244.92K,-0.47%
18-07-2023,1897.58,1911.24,1917.21,1877.52,233.00K,-0.71%
17-07-2023,1911.24,1922.45,1935.99,1876.00,293.54K,-0.58%
16-07-2023,1922.45,1931.43,1942.55,1918.01,158.59K,-0.46%
15-07-2023,1931.42,1938.05,1946.10,1926.83,145.89K,-0.34%
14-07-2023,1938.05,2004.77,2025.56,1900.22,530.86K,-3.33%
13-07-2023,2004.77,1871.86,2010.75,1863.22,588.53K,7.10%
12/7/2023,1871.86,1878.33,1901.45,1865.11,280.91K,-0.34%
11/7/2023,1878.33,1880.42,1889.83,1863.93,191.47K,-0.11%
10/7/2023,1880.42,1862.91,1903.82,1846.71,264.83K,0.94%
9/7/2023,1862.91,1865.28,1878.22,1856.97,145.47K,-0.13%
8/7/2023,1865.28,1870.92,1873.16,1843.82,136.69K,-0.30%
7/7/2023,1870.92,1848.29,1877.51,1827.35,249.82K,1.22%
6/7/2023,1848.36,1910.43,1957.58,1847.01,483.00K,-3.25%
5/7/2023,1910.43,1936.21,1942.15,1896.43,284.34K,-1.33%
4/7/2023,1936.19,1955.56,1966.03,1931.64,226.10K,-0.99%
3/7/2023,1955.56,1937.57,1974.61,1934.51,346.33K,0.93%
2/7/2023,1937.57,1924.53,1958.36,1893.68,283.61K,0.68%
1/7/2023,1924.53,1933.80,1943.20,1909.92,189.41K,-0.48%
30-06-2023,1933.80,1851.92,1943.65,1837.49,765.42K,4.42%
29-06-2023,1851.92,1827.95,1878.86,1827.95,256.22K,1.31%
28-06-2023,1827.95,1889.51,1890.11,1821.94,356.71K,-3.26%
27-06-2023,1889.51,1859.00,1911.73,1856.19,386.05K,1.64%
26-06-2023,1859.00,1898.80,1906.07,1840.63,479.76K,-2.10%
25-06-2023,1898.80,1875.00,1929.61,1869.28,356.99K,1.27%
24-06-2023,1875.00,1891.98,1904.04,1865.77,239.37K,-0.90%
23-06-2023,1891.97,1872.29,1932.23,1864.60,428.03K,1.05%
22-06-2023,1872.32,1889.87,1931.60,1866.66,438.75K,-0.93%
21-06-2023,1889.87,1791.64,1899.11,1787.59,653.63K,5.48%
20-06-2023,1791.61,1737.06,1793.35,1715.20,359.77K,3.14%
19-06-2023,1737.06,1720.98,1748.05,1706.40,263.64K,0.93%
18-06-2023,1720.98,1727.79,1746.40,1715.90,167.46K,-0.39%
17-06-2023,1727.79,1717.92,1764.06,1714.30,227.93K,0.57%
16-06-2023,1717.92,1666.96,1728.35,1653.68,333.35K,3.06%
15-06-2023,1666.96,1650.96,1678.94,1632.50,397.40K,0.97%
14-06-2023,1650.96,1739.60,1749.90,1636.49,451.13K,-5.10%
13-06-2023,1739.60,1742.60,1763.15,1727.64,303.23K,-0.17%
12/6/2023,1742.60,1752.80,1757.79,1722.92,320.47K,-0.58%
11/6/2023,1752.80,1751.56,1775.87,1740.02,232.04K,0.07%
10/6/2023,1751.56,1840.41,1844.23,1719.16,696.59K,-4.83%
9/6/2023,1840.41,1845.68,1854.72,1828.66,215.71K,-0.29%
8/6/2023,1845.68,1832.10,1860.53,1829.38,202.78K,0.74%
7/6/2023,1832.10,1884.63,1893.73,1823.42,454.83K,-2.76%
6/6/2023,1884.17,1811.19,1895.79,1800.75,518.57K,4.03%
5/6/2023,1811.20,1890.00,1890.53,1782.82,588.61K,-4.17%
4/6/2023,1890.04,1892.05,1914.12,1884.54,183.07K,-0.11%
3/6/2023,1892.05,1907.10,1907.90,1884.17,157.10K,-0.79%
2/6/2023,1907.10,1861.77,1910.01,1847.84,329.16K,2.43%
1/6/2023,1861.77,1873.62,1888.07,1846.23,286.98K,-0.63%
31-05-2023,1873.63,1900.59,1906.21,1852.00,337.87K,-1.42%
30-05-2023,1900.59,1892.61,1915.91,1882.97,288.67K,0.42%
29-05-2023,1892.61,1908.37,1925.74,1878.33,338.07K,-0.83%
28-05-2023,1908.35,1829.91,1914.92,1824.70,401.09K,4.29%
27-05-2023,1829.91,1827.80,1835.94,1817.35,147.46K,0.12%
26-05-2023,1827.80,1805.62,1837.39,1798.10,290.89K,1.22%
25-05-2023,1805.69,1799.91,1817.05,1764.92,370.60K,0.32%
24-05-2023,1799.91,1854.08,1854.08,1781.70,441.64K,-2.92%
23-05-2023,1854.08,1817.19,1868.89,1815.41,428.05K,2.03%
22-05-2023,1817.19,1804.89,1827.38,1792.35,250.27K,0.68%
21-05-2023,1804.89,1819.66,1827.47,1799.03,170.05K,-0.81%
20-05-2023,1819.68,1812.32,1828.06,1807.08,134.46K,0.41%
19-05-2023,1812.32,1800.95,1829.33,1796.99,253.50K,0.63%
18-05-2023,1800.99,1822.12,1831.51,1774.77,311.24K,-1.14%
17-05-2023,1821.73,1823.98,1834.44,1785.78,376.26K,-0.12%
16-05-2023,1823.98,1817.11,1830.01,1797.60,325.77K,0.38%
15-05-2023,1817.11,1799.36,1845.27,1786.61,405.84K,0.99%
14-05-2023,1799.36,1795.11,1822.93,1791.86,229.74K,0.25%
13-05-2023,1794.95,1807.31,1814.55,1786.23,223.65K,-0.68%
12/5/2023,1807.31,1794.71,1812.46,1741.48,598.87K,0.70%
11/5/2023,1794.71,1840.92,1841.04,1774.30,548.42K,-2.51%
10/5/2023,1840.92,1846.56,1886.83,1797.07,685.11K,-0.31%
9/5/2023,1846.56,1847.48,1858.57,1832.05,318.79K,-0.05%
8/5/2023,1847.48,1871.03,1883.54,1813.63,667.82K,-1.26%
7/5/2023,1870.99,1896.48,1931.39,1870.94,441.65K,-1.34%
6/5/2023,1896.48,1993.33,2013.10,1868.09,658.63K,-4.86%
5/5/2023,1993.33,1877.06,1996.64,1875.66,589.05K,6.19%
4/5/2023,1877.06,1904.76,1915.15,1868.18,372.69K,-1.45%
3/5/2023,1904.74,1869.74,1915.00,1844.72,489.66K,1.87%
2/5/2023,1869.74,1830.75,1878.70,1823.25,391.27K,2.13%
1/5/2023,1830.75,1869.05,1885.70,1807.30,475.92K,-2.04%
30-04-2023,1868.88,1907.80,1937.86,1868.88,377.71K,-2.04%
29-04-2023,1907.80,1890.93,1915.90,1886.27,193.47K,0.88%
28-04-2023,1891.14,1908.79,1922.85,1875.03,408.45K,-0.93%
27-04-2023,1908.81,1866.05,1937.55,1862.37,771.48K,2.29%
26-04-2023,1866.05,1865.95,1963.46,1793.76,958.23K,0.01%
25-04-2023,1865.95,1841.88,1877.54,1804.20,491.98K,1.31%
24-04-2023,1841.88,1862.04,1889.09,1809.80,480.28K,-1.08%
23-04-2023,1862.05,1873.96,1881.92,1839.05,368.77K,-0.63%
22-04-2023,1873.95,1848.88,1886.22,1845.73,351.72K,1.30%
21-04-2023,1849.81,1942.72,1955.35,1831.47,769.94K,-4.78%
20-04-2023,1942.72,1935.97,1977.95,1917.71,665.65K,0.35%
19-04-2023,1935.97,2103.36,2104.31,1925.00,855.36K,-7.96%
18-04-2023,2103.34,2074.74,2121.27,2056.86,437.10K,1.38%
17-04-2023,2074.74,2118.61,2119.18,2062.17,448.14K,-2.10%
16-04-2023,2119.29,2090.59,2137.56,2073.26,342.43K,1.37%
15-04-2023,2090.59,2099.98,2110.30,2074.33,340.60K,-0.45%
14-04-2023,2099.98,2012.12,2127.56,2009.53,957.03K,4.37%
13-04-2023,2012.11,1916.59,2018.73,1899.96,721.56K,4.98%
12/4/2023,1916.58,1889.86,1930.46,1857.35,669.43K,1.41%
11/4/2023,1889.86,1910.35,1935.75,1884.64,428.26K,-1.07%
10/4/2023,1910.36,1858.90,1916.53,1847.39,457.41K,2.77%
9/4/2023,1858.90,1848.93,1871.87,1825.60,306.40K,0.54%
8/4/2023,1848.93,1863.45,1879.11,1847.72,207.67K,-0.78%
7/4/2023,1863.46,1872.35,1882.56,1844.43,298.77K,-0.47%
6/4/2023,1872.35,1908.95,1908.95,1855.89,420.80K,-1.92%
5/4/2023,1908.96,1870.52,1936.10,1864.64,583.84K,2.05%
4/4/2023,1870.52,1810.77,1887.33,1802.51,658.37K,3.30%
3/4/2023,1810.77,1795.01,1838.71,1764.26,657.58K,0.88%
2/4/2023,1795.01,1820.78,1824.32,1775.81,334.84K,-1.42%
1/4/2023,1820.78,1821.62,1840.27,1811.67,283.39K,-0.05%
31-03-2023,1821.62,1793.59,1845.54,1782.26,579.01K,1.56%
30-03-2023,1793.59,1793.16,1828.91,1766.90,607.74K,0.02%
29-03-2023,1793.27,1772.64,1825.01,1772.64,564.93K,1.16%
28-03-2023,1772.63,1714.65,1792.38,1702.95,561.33K,3.38%
27-03-2023,1714.65,1773.91,1780.06,1691.38,607.00K,-3.35%
26-03-2023,1774.06,1742.32,1796.77,1739.39,371.97K,1.82%
25-03-2023,1742.34,1749.28,1761.66,1714.43,368.84K,-0.40%
24-03-2023,1749.26,1813.62,1818.53,1728.69,602.30K,-3.57%
23-03-2023,1814.08,1734.32,1852.48,1729.38,767.73K,4.59%
22-03-2023,1734.48,1801.58,1818.47,1711.05,933.24K,-3.83%
21-03-2023,1803.54,1732.32,1833.12,1719.55,779.81K,4.11%
20-03-2023,1732.31,1780.12,1802.76,1723.90,716.26K,-2.65%
19-03-2023,1779.47,1758.70,1838.84,1758.66,574.73K,1.18%
18-03-2023,1758.70,1789.38,1833.82,1751.14,763.06K,-1.71%
17-03-2023,1789.38,1673.76,1796.74,1663.67,975.13K,6.90%
16-03-2023,1673.85,1649.66,1689.09,1634.21,660.14K,1.47%
15-03-2023,1649.65,1700.14,1716.56,1614.93,1.02M,-2.97%
14-03-2023,1700.15,1673.83,1776.65,1655.74,1.36M,1.57%
13-03-2023,1673.93,1580.28,1690.18,1565.83,1.30M,5.93%
12/3/2023,1580.24,1472.08,1585.09,1452.33,1.06M,7.42%
11/3/2023,1471.15,1426.74,1475.92,1408.58,1.43M,3.11%
10/3/2023,1426.75,1437.49,1437.49,1371.47,1.01M,-0.82%
9/3/2023,1438.50,1533.04,1545.98,1413.17,764.77K,-6.17%
8/3/2023,1533.04,1561.79,1569.70,1531.28,478.44K,-1.84%
7/3/2023,1561.78,1565.84,1580.95,1536.31,460.10K,-0.26%
6/3/2023,1565.84,1564.36,1581.13,1555.43,322.16K,0.09%
5/3/2023,1564.37,1566.73,1587.95,1556.84,313.01K,-0.15%
4/3/2023,1566.73,1569.45,1577.02,1550.10,247.02K,-0.14%
3/3/2023,1568.89,1647.86,1649.19,1547.61,783.74K,-4.76%
2/3/2023,1647.38,1666.09,1677.45,1620.20,440.63K,-1.12%
1/3/2023,1666.09,1604.69,1668.55,1595.40,497.12K,3.83%
28-02-2023,1604.69,1633.66,1646.33,1598.67,411.49K,-1.77%
27-02-2023,1633.66,1641.59,1664.98,1609.82,458.53K,-0.48%
26-02-2023,1641.60,1594.66,1648.77,1588.65,326.58K,2.94%
25-02-2023,1594.66,1608.24,1608.62,1562.10,309.29K,-0.84%
24-02-2023,1608.24,1650.52,1663.82,1579.68,548.07K,-2.56%
23-02-2023,1650.52,1643.39,1678.20,1630.94,529.75K,0.43%
22-02-2023,1643.39,1659.41,1666.39,1600.79,560.40K,-0.97%
21-02-2023,1659.41,1703.29,1716.35,1637.16,554.52K,-2.58%
20-02-2023,1703.27,1681.49,1719.10,1651.54,478.59K,1.29%
19-02-2023,1681.52,1691.62,1722.28,1670.97,427.00K,-0.60%
18-02-2023,1691.62,1693.96,1708.87,1681.17,283.51K,-0.14%
17-02-2023,1693.96,1640.66,1720.06,1631.92,617.21K,3.25%
16-02-2023,1640.66,1675.43,1738.87,1634.97,894.27K,-2.08%
15-02-2023,1675.43,1555.45,1676.94,1542.80,627.07K,7.71%
14-02-2023,1555.46,1505.85,1565.20,1494.30,705.28K,3.29%
13-02-2023,1505.84,1515.44,1525.56,1464.10,681.85K,-0.63%
12/2/2023,1515.44,1538.34,1547.30,1495.05,302.73K,-1.49%
11/2/2023,1538.34,1513.12,1542.64,1508.07,306.24K,1.62%
10/2/2023,1513.82,1545.35,1554.19,1499.49,523.33K,-2.04%
9/2/2023,1545.35,1650.97,1655.96,1530.98,702.21K,-6.40%
8/2/2023,1650.99,1671.39,1694.28,1631.15,447.57K,-1.22%
7/2/2023,1671.40,1613.72,1676.83,1613.20,481.91K,3.57%
6/2/2023,1613.72,1629.44,1657.75,1606.59,401.03K,-0.96%
5/2/2023,1629.44,1666.90,1671.88,1612.70,435.14K,-2.25%
4/2/2023,1666.90,1663.78,1694.58,1646.11,328.66K,0.19%
3/2/2023,1663.79,1641.70,1673.59,1628.73,489.79K,1.34%
2/2/2023,1641.71,1642.10,1710.27,1632.39,685.27K,-0.02%
1/2/2023,1642.10,1585.27,1647.27,1560.18,505.44K,3.59%
31-01-2023,1585.27,1566.50,1602.03,1562.04,368.94K,1.20%
30-01-2023,1566.50,1645.97,1647.25,1540.25,630.55K,-4.83%
29-01-2023,1645.97,1572.13,1657.19,1566.90,595.67K,4.63%
28-01-2023,1573.07,1597.61,1605.96,1561.24,332.62K,-1.54%
27-01-2023,1597.60,1602.54,1620.15,1560.21,533.75K,-0.31%
26-01-2023,1602.55,1611.20,1629.89,1581.76,552.26K,-0.54%
25-01-2023,1611.20,1555.97,1638.97,1523.71,681.59K,3.54%
24-01-2023,1556.15,1626.52,1641.17,1539.51,493.47K,-4.33%
23-01-2023,1626.53,1627.04,1643.82,1591.90,436.57K,-0.03%
22-01-2023,1627.03,1626.66,1662.13,1609.32,456.36K,0.09%
21-01-2023,1625.53,1659.96,1678.27,1622.89,523.34K,-2.08%
20-01-2023,1659.98,1551.12,1662.26,1543.21,472.15K,6.98%
19-01-2023,1551.62,1511.35,1560.70,1510.65,329.04K,2.67%
18-01-2023,1511.31,1564.66,1604.74,1505.37,801.71K,-3.41%
17-01-2023,1564.67,1576.94,1603.32,1544.45,536.73K,-0.78%
16-01-2023,1576.94,1552.69,1598.18,1526.40,617.00K,1.56%
15-01-2023,1552.69,1550.05,1564.34,1517.40,411.43K,0.17%
14-01-2023,1550.02,1450.86,1576.83,1449.47,1.03M,6.83%
13-01-2023,1450.86,1416.08,1463.53,1401.98,552.05K,2.46%
12/1/2023,1416.08,1389.84,1435.95,1365.78,960.62K,1.89%
11/1/2023,1389.84,1335.14,1392.40,1322.10,509.99K,4.10%
10/1/2023,1335.13,1320.51,1344.42,1316.95,487.24K,1.11%
9/1/2023,1320.51,1288.39,1344.39,1285.97,629.22K,2.49%
8/1/2023,1288.38,1263.91,1289.13,1259.15,231.75K,1.94%
7/1/2023,1263.90,1269.14,1270.95,1261.46,141.94K,-0.41%
6/1/2023,1269.14,1250.95,1274.85,1240.38,369.54K,1.45%
5/1/2023,1250.95,1256.92,1259.08,1242.93,289.49K,-0.47%
4/1/2023,1256.92,1214.57,1266.97,1212.91,504.28K,3.49%
3/1/2023,1214.57,1213.93,1219.75,1206.83,219.98K,0.05%
2/1/2023,1213.93,1200.52,1220.76,1193.77,270.72K,1.12%
1/1/2023,1200.52,1195.69,1204.12,1191.67,126.62K,0.41%
31-12-2022,1195.67,1200.00,1207.71,1193.16,150.20K,-0.34%
30-12-2022,1199.80,1200.84,1202.13,1186.10,285.77K,-0.09%
29-12-2022,1200.84,1189.99,1205.34,1187.19,272.59K,0.91%
28-12-2022,1189.98,1211.60,1214.32,1184.22,407.45K,-1.78%
27-12-2022,1211.60,1228.22,1233.15,1202.02,290.02K,-1.31%
26-12-2022,1227.65,1218.69,1230.37,1213.08,177.66K,0.73%
25-12-2022,1218.69,1220.46,1223.82,1201.20,256.52K,-0.15%
24-12-2022,1220.46,1220.03,1226.20,1214.76,131.51K,0.04%
23-12-2022,1220.03,1217.59,1228.46,1212.97,301.17K,0.20%
22-12-2022,1217.57,1213.99,1229.47,1185.27,383.63K,0.31%
21-12-2022,1213.85,1217.19,1218.69,1205.48,269.18K,-0.28%
20-12-2022,1217.20,1167.80,1228.97,1163.57,497.61K,4.23%
19-12-2022,1167.80,1182.70,1194.47,1152.54,337.02K,-1.26%
18-12-2022,1182.70,1187.19,1196.55,1172.82,272.63K,-0.38%
17-12-2022,1187.18,1166.70,1189.21,1162.76,363.23K,1.75%
16-12-2022,1166.70,1266.32,1279.27,1156.91,829.23K,-7.87%
15-12-2022,1266.32,1307.29,1311.07,1260.89,446.34K,-3.13%
14-12-2022,1307.30,1320.76,1348.43,1302.76,614.31K,-1.02%
13-12-2022,1320.76,1275.49,1345.07,1255.82,717.71K,3.59%
12/12/2022,1275.02,1263.42,1278.37,1241.45,395.62K,0.92%
11/12/2022,1263.42,1266.36,1282.86,1258.53,192.46K,-0.25%
10/12/2022,1266.62,1262.88,1281.24,1260.05,193.32K,0.30%
9/12/2022,1262.86,1280.29,1291.11,1257.00,437.55K,-1.36%
8/12/2022,1280.29,1231.04,1289.87,1223.27,447.07K,4.00%
7/12/2022,1231.04,1271.24,1275.30,1221.10,422.12K,-3.16%
6/12/2022,1271.26,1259.56,1273.92,1243.66,342.16K,0.93%
5/12/2022,1259.56,1279.21,1303.92,1248.69,430.54K,-1.58%
4/12/2022,1279.74,1240.46,1284.24,1240.14,344.96K,3.17%
3/12/2022,1240.46,1295.69,1302.61,1237.81,373.79K,-4.26%
2/12/2022,1295.69,1276.05,1295.80,1266.16,393.37K,1.54%
1/12/2022,1276.05,1294.40,1295.82,1263.58,453.59K,-1.42%
30-11-2022,1294.41,1216.54,1304.97,1213.44,858.51K,6.40%
29-11-2022,1216.55,1167.73,1226.35,1159.72,549.93K,4.18%
28-11-2022,1167.73,1193.38,1199.06,1151.98,518.17K,-2.15%
27-11-2022,1193.38,1205.17,1222.83,1191.09,306.64K,-0.98%
26-11-2022,1205.15,1198.12,1229.20,1196.93,413.09K,0.59%
25-11-2022,1198.12,1203.77,1204.75,1172.63,426.96K,-0.47%
24-11-2022,1203.77,1185.70,1217.38,1180.91,544.83K,1.52%
23-11-2022,1185.79,1139.74,1189.17,1128.53,688.96K,4.04%
22-11-2022,1139.74,1107.46,1141.58,1077.85,815.18K,2.91%
21-11-2022,1107.46,1142.88,1143.96,1081.96,981.81K,-3.10%
20-11-2022,1142.88,1217.65,1226.14,1135.57,564.89K,-6.14%
19-11-2022,1217.65,1208.92,1231.15,1207.34,225.46K,0.86%
18-11-2022,1207.31,1206.99,1225.39,1201.47,388.69K,0.18%
17-11-2022,1205.17,1206.16,1227.73,1185.58,567.61K,-0.08%
16-11-2022,1206.16,1253.45,1267.62,1188.76,705.31K,-3.77%
15-11-2022,1253.45,1242.64,1289.21,1235.39,686.18K,0.87%
14-11-2022,1242.64,1221.47,1289.01,1175.42,1.01M,1.73%
13-11-2022,1221.47,1256.29,1274.24,1205.61,597.25K,-2.77%
12/11/2022,1256.29,1288.71,1291.39,1239.34,602.58K,-2.51%
11/11/2022,1288.63,1299.21,1307.16,1203.04,1.45M,-0.81%
10/11/2022,1299.15,1100.86,1346.92,1089.01,2.19M,18.01%
9/11/2022,1100.84,1335.26,1337.19,1076.29,2.92M,-17.56%
8/11/2022,1335.25,1567.54,1576.10,1241.18,2.87M,-14.82%
7/11/2022,1567.57,1570.71,1608.06,1547.29,719.30K,-0.21%
6/11/2022,1570.86,1626.86,1637.44,1565.79,464.26K,-3.45%
5/11/2022,1627.07,1645.03,1664.42,1623.48,404.02K,-1.09%
4/11/2022,1645.01,1531.06,1666.17,1528.60,1.07M,7.44%
3/11/2022,1531.08,1518.99,1558.75,1515.75,631.90K,0.79%
2/11/2022,1519.04,1579.59,1618.82,1503.29,1.14M,-3.84%
1/11/2022,1579.64,1572.89,1609.10,1564.69,593.31K,0.43%
31-10-2022,1572.89,1590.47,1634.17,1550.72,938.65K,-1.11%
30-10-2022,1590.47,1619.67,1638.60,1577.35,542.49K,-1.80%
29-10-2022,1619.69,1554.47,1660.13,1548.83,1.05M,4.20%
28-10-2022,1554.47,1514.14,1572.66,1489.99,966.35K,2.66%
27-10-2022,1514.19,1566.18,1575.90,1508.24,1.02M,-3.32%
26-10-2022,1566.16,1459.60,1590.23,1458.61,1.43M,7.30%
25-10-2022,1459.60,1343.88,1522.06,1335.38,1.28M,8.61%
24-10-2022,1343.88,1364.19,1369.35,1324.25,665.58K,-1.47%
23-10-2022,1363.92,1313.64,1370.91,1301.80,473.61K,3.83%
22-10-2022,1313.64,1299.76,1318.84,1294.61,244.20K,1.07%
21-10-2022,1299.76,1282.87,1306.27,1257.83,525.54K,1.32%
20-10-2022,1282.87,1285.33,1310.47,1272.79,483.19K,-0.19%
19-10-2022,1285.32,1310.81,1313.46,1282.44,406.74K,-1.94%
18-10-2022,1310.81,1331.40,1341.21,1287.58,625.85K,-1.53%
17-10-2022,1331.12,1305.95,1338.39,1296.45,498.15K,1.93%
16-10-2022,1305.95,1274.93,1314.52,1274.66,333.15K,2.46%
15-10-2022,1274.57,1296.74,1301.48,1264.86,321.11K,-1.71%
14-10-2022,1296.74,1287.33,1342.01,1284.08,734.03K,0.73%
13-10-2022,1287.34,1294.56,1299.74,1196.63,1.09M,-0.56%
12/10/2022,1294.57,1279.97,1304.45,1275.77,418.57K,1.14%
11/10/2022,1279.97,1290.00,1297.59,1269.35,498.63K,-0.78%
10/10/2022,1290.04,1323.17,1337.58,1288.68,451.44K,-2.52%
9/10/2022,1323.41,1315.08,1328.55,1308.15,210.50K,0.64%
8/10/2022,1315.05,1331.07,1336.69,1304.08,227.70K,-1.20%
7/10/2022,1330.99,1352.17,1361.26,1319.17,574.76K,-1.57%
6/10/2022,1352.27,1352.07,1383.02,1347.78,680.65K,0.01%
5/10/2022,1352.07,1361.51,1364.03,1317.58,564.42K,-0.69%
4/10/2022,1361.48,1323.37,1367.30,1318.87,550.05K,2.88%
3/10/2022,1323.41,1277.02,1329.16,1266.86,604.19K,3.74%
2/10/2022,1275.74,1311.80,1317.41,1272.38,432.45K,-2.75%
1/10/2022,1311.80,1328.73,1333.61,1303.22,293.02K,-1.27%
30-09-2022,1328.73,1336.05,1372.44,1316.62,866.63K,-0.55%
29-09-2022,1336.08,1337.34,1351.61,1289.66,871.66K,-0.10%
28-09-2022,1337.37,1328.23,1354.75,1261.29,1.08M,0.69%
27-09-2022,1328.23,1337.07,1399.67,1305.49,1.00M,-0.66%
26-09-2022,1337.06,1294.24,1339.17,1279.71,1.05M,3.31%
25-09-2022,1294.26,1317.01,1335.73,1271.87,579.09K,-1.73%
24-09-2022,1317.00,1327.91,1348.91,1307.96,559.42K,-0.83%
23-09-2022,1327.96,1326.12,1356.74,1264.91,1.16M,0.11%
22-09-2022,1326.44,1247.64,1346.38,1237.96,1.11M,6.31%
21-09-2022,1247.74,1323.34,1388.38,1222.29,1.39M,-5.71%
20-09-2022,1323.33,1375.96,1384.39,1315.03,765.14K,-3.83%
19-09-2022,1376.00,1334.82,1391.50,1284.50,1.11M,3.07%
18-09-2022,1335.01,1468.76,1469.21,1327.21,934.28K,-9.11%
17-09-2022,1468.79,1434.01,1475.05,1409.65,483.78K,2.43%
16-09-2022,1434.01,1472.63,1483.43,1410.90,829.01K,-2.62%
15-09-2022,1472.64,1637.89,1653.55,1461.16,1.66M,-10.09%
14-09-2022,1637.92,1574.41,1646.09,1556.97,858.28K,4.03%
13-09-2022,1574.47,1716.45,1751.50,1562.30,1.30M,-8.27%
12/9/2022,1716.42,1766.99,1782.74,1694.08,727.78K,-2.86%
11/9/2022,1766.93,1774.38,1786.73,1722.62,467.42K,-0.42%
10/9/2022,1774.38,1718.84,1788.10,1707.81,470.19K,3.23%
9/9/2022,1718.81,1635.33,1743.47,1631.17,969.87K,5.14%
8/9/2022,1634.85,1629.63,1660.56,1595.90,772.84K,0.33%
7/9/2022,1629.51,1557.85,1657.05,1493.19,976.59K,4.60%
6/9/2022,1557.85,1617.40,1686.23,1556.09,1.18M,-3.66%
5/9/2022,1617.07,1578.90,1628.77,1557.66,571.75K,2.42%
4/9/2022,1578.89,1557.35,1580.81,1541.16,339.06K,1.37%
3/9/2022,1557.55,1575.31,1581.37,1535.98,378.79K,-1.13%
2/9/2022,1575.34,1585.55,1647.50,1547.68,1.04M,-0.64%
1/9/2022,1585.48,1554.57,1597.48,1514.75,823.90K,1.95%
31-08-2022,1555.12,1523.39,1617.09,1523.39,1.07M,2.09%
30-08-2022,1523.34,1552.56,1605.30,1475.68,1.14M,-1.88%
29-08-2022,1552.60,1426.25,1559.46,1424.33,931.76K,8.86%
28-08-2022,1426.25,1490.88,1507.92,1424.69,633.35K,-4.33%
27-08-2022,1490.83,1508.32,1518.14,1449.31,866.82K,-1.14%
26-08-2022,1508.08,1695.38,1703.32,1490.67,1.34M,-11.05%
25-08-2022,1695.37,1656.64,1720.84,1654.77,677.67K,2.34%
24-08-2022,1656.64,1665.30,1691.25,1606.06,827.20K,-0.50%
23-08-2022,1664.89,1626.70,1672.63,1564.37,1.05M,2.34%
22-08-2022,1626.75,1618.21,1627.13,1531.91,1.04M,0.53%
21-08-2022,1618.25,1575.61,1644.88,1563.92,852.07K,2.71%
20-08-2022,1575.60,1609.01,1654.84,1525.51,1.01M,-2.11%
19-08-2022,1609.48,1846.52,1846.97,1607.60,1.59M,-12.84%
18-08-2022,1846.51,1834.19,1880.22,1822.04,675.27K,0.67%
17-08-2022,1834.18,1876.69,1956.54,1821.00,1.10M,-2.27%
16-08-2022,1876.70,1900.08,1914.06,1856.44,725.78K,-1.24%
15-08-2022,1900.25,1935.10,2012.02,1873.70,1.09M,-1.80%
14-08-2022,1935.10,1983.52,2028.40,1909.19,662.15K,-2.44%
13-08-2022,1983.50,1957.62,2018.97,1946.65,798.08K,1.32%
12/8/2022,1957.63,1880.30,1961.83,1856.64,834.69K,4.11%
11/8/2022,1880.28,1853.50,1931.06,1850.72,1.31M,1.45%
10/8/2022,1853.46,1702.80,1881.39,1657.78,1.52M,8.85%
9/8/2022,1702.80,1778.15,1789.55,1668.79,960.58K,-4.25%
8/8/2022,1778.42,1700.26,1813.45,1694.69,951.02K,4.59%
7/8/2022,1700.29,1690.29,1728.97,1669.39,530.48K,0.59%
6/8/2022,1690.27,1737.66,1749.33,1687.74,696.11K,-2.73%
5/8/2022,1737.71,1607.00,1740.33,1605.71,1.21M,8.14%
4/8/2022,1606.94,1618.07,1661.15,1581.18,881.56K,-0.69%
3/8/2022,1618.08,1631.46,1682.23,1591.60,906.08K,-0.82%
2/8/2022,1631.48,1630.07,1675.51,1560.17,1.25M,0.08%
1/8/2022,1630.10,1679.98,1702.81,1607.29,959.53K,-2.97%
31-07-2022,1680.00,1695.99,1752.94,1667.41,822.23K,-0.94%
30-07-2022,1695.97,1720.80,1741.34,1674.42,891.42K,-1.44%
29-07-2022,1720.77,1725.97,1764.74,1658.26,1.44M,-0.30%
28-07-2022,1726.01,1635.99,1781.39,1597.67,1.87M,5.50%
27-07-2022,1636.01,1449.65,1643.70,1421.17,1.80M,12.77%
26-07-2022,1450.70,1438.76,1451.46,1357.70,1.42M,0.85%
25-07-2022,1438.52,1598.19,1608.06,1438.50,1.65M,-9.99%
24-07-2022,1598.19,1549.61,1659.93,1547.70,1.18M,3.14%
23-07-2022,1549.61,1534.85,1596.02,1490.35,1.03M,0.96%
22-07-2022,1534.85,1575.68,1644.99,1520.36,1.43M,-2.59%
21-07-2022,1575.68,1520.66,1600.35,1465.93,1.55M,3.62%
20-07-2022,1520.64,1543.45,1618.43,1488.73,1.65M,-1.48%
19-07-2022,1543.50,1584.33,1620.35,1494.88,2.18M,-2.60%
18-07-2022,1584.77,1337.92,1590.95,1336.75,2.37M,18.46%
17-07-2022,1337.85,1356.00,1385.23,1323.23,1.41M,-1.34%
16-07-2022,1356.08,1231.03,1399.16,1192.18,1.77M,10.16%
15-07-2022,1231.03,1192.83,1284.76,1182.22,1.74M,3.21%
14-07-2022,1192.75,1115.80,1210.17,1072.58,1.86M,6.89%
13-07-2022,1115.83,1038.60,1116.51,1012.29,2.48M,7.44%
12/7/2022,1038.56,1096.41,1097.75,1035.82,1.49M,-5.28%
11/7/2022,1096.43,1167.35,1170.63,1093.28,1.34M,-6.08%
10/7/2022,1167.35,1216.94,1219.26,1155.25,1.12M,-4.07%
9/7/2022,1216.94,1216.26,1232.69,1205.26,644.47K,0.05%
8/7/2022,1216.33,1238.10,1275.69,1194.15,1.45M,-1.76%
7/7/2022,1238.15,1186.48,1252.69,1163.85,1.18M,4.36%
6/7/2022,1186.45,1133.87,1202.09,1112.02,1.42M,4.63%
5/7/2022,1133.90,1151.19,1170.97,1079.36,1.59M,-1.50%
4/7/2022,1151.19,1074.07,1159.76,1045.97,1.35M,7.18%
3/7/2022,1074.08,1066.60,1086.90,1041.82,755.27K,0.70%
2/7/2022,1066.60,1059.05,1077.66,1029.03,865.06K,0.72%
1/7/2022,1058.94,1069.13,1110.25,1035.79,1.89M,-0.95%
30-06-2022,1069.05,1099.51,1105.88,1000.77,1.71M,-2.77%
29-06-2022,1099.51,1143.95,1155.02,1088.10,1.54M,-3.89%
28-06-2022,1143.97,1191.02,1234.96,1137.57,1.32M,-3.94%
27-06-2022,1190.84,1198.03,1237.14,1176.77,1.07M,-0.60%
26-06-2022,1198.03,1241.80,1276.81,1196.20,1.13M,-3.52%
25-06-2022,1241.76,1224.96,1255.55,1181.11,1.03M,1.37%
24-06-2022,1225.03,1144.33,1244.82,1132.87,1.66M,7.07%
23-06-2022,1144.19,1049.02,1152.97,1046.57,1.57M,9.07%
22-06-2022,1049.02,1125.96,1127.06,1045.37,1.58M,-6.83%
21-06-2022,1125.96,1128.29,1192.27,1110.63,1.60M,-0.21%
20-06-2022,1128.32,1128.39,1165.62,1056.58,2.04M,-0.01%
19-06-2022,1128.39,995.49,1152.07,938.24,2.42M,13.34%
18-06-2022,995.61,1086.47,1096.93,883.35,2.77M,-8.36%
17-06-2022,1086.47,1068.49,1116.46,1052.17,1.45M,1.68%
16-06-2022,1068.49,1237.92,1254.28,1052.65,1.76M,-13.69%
15-06-2022,1237.92,1208.82,1244.80,1016.99,3.73M,2.24%
14-06-2022,1210.84,1206.67,1261.39,1078.11,3.27M,0.35%
13-06-2022,1206.67,1434.43,1454.07,1168.68,4.39M,-15.94%
12/6/2022,1435.46,1531.50,1542.01,1430.93,1.82M,-6.27%
11/6/2022,1531.42,1663.04,1681.58,1503.15,1.44M,-7.91%
10/6/2022,1663.02,1788.15,1803.54,1657.30,1.13M,-6.99%
9/6/2022,1788.06,1792.81,1832.70,1778.00,625.76K,-0.28%
8/6/2022,1793.00,1813.05,1837.41,1766.94,1.09M,-1.14%
7/6/2022,1813.72,1859.99,1870.99,1727.77,1.64M,-2.49%
6/6/2022,1859.99,1806.11,1919.40,1804.77,939.37K,2.95%
5/6/2022,1806.71,1804.60,1829.25,1773.65,437.73K,0.13%
4/6/2022,1804.37,1775.28,1815.19,1748.89,442.10K,1.64%
3/6/2022,1775.29,1834.66,1843.31,1740.83,884.53K,-3.24%
2/6/2022,1834.64,1817.98,1851.25,1784.23,975.53K,0.91%
1/6/2022,1818.07,1941.81,1971.22,1770.85,1.29M,-6.37%
31-05-2022,1941.79,1998.46,2015.02,1928.93,933.24K,-2.84%
30-05-2022,1998.46,1813.56,2009.95,1804.33,1.04M,10.20%
29-05-2022,1813.56,1792.25,1824.81,1764.72,554.58K,1.16%
28-05-2022,1792.68,1724.67,1807.79,1722.88,658.23K,3.97%
27-05-2022,1724.30,1793.19,1820.82,1708.62,1.57M,-3.85%
26-05-2022,1793.42,1942.89,1964.91,1744.12,1.42M,-7.69%
25-05-2022,1942.91,1979.40,2020.64,1937.52,639.93K,-1.84%
24-05-2022,1979.35,1973.01,1992.60,1914.48,620.41K,0.33%
23-05-2022,1972.93,2043.19,2086.21,1959.57,738.09K,-3.44%
22-05-2022,2043.19,1975.12,2055.15,1966.34,425.98K,3.45%
21-05-2022,1975.12,1959.79,1989.44,1940.59,292.47K,0.78%
20-05-2022,1959.85,2019.36,2061.08,1923.86,699.69K,-2.95%
19-05-2022,2019.34,1913.99,2039.71,1903.67,858.97K,5.61%
18-05-2022,1912.12,2091.05,2108.84,1909.56,751.82K,-8.56%
17-05-2022,2091.14,2023.00,2120.03,2008.84,736.63K,3.37%
16-05-2022,2022.93,2145.86,2145.86,1979.93,950.85K,-5.73%
15-05-2022,2145.86,2056.33,2161.78,2001.74,589.77K,4.36%
14-05-2022,2056.30,2009.55,2068.66,1952.07,656.94K,2.33%
13-05-2022,2009.53,1955.59,2146.22,1941.53,1.34M,2.77%
12/5/2022,1955.36,2087.17,2190.51,1796.24,2.84M,-6.03%
11/5/2022,2080.79,2342.27,2451.33,2007.57,2.70M,-11.16%
10/5/2022,2342.30,2229.69,2455.19,2202.02,1.95M,5.08%
9/5/2022,2229.10,2519.98,2529.35,2228.90,1.93M,-11.54%
8/5/2022,2519.98,2636.03,2641.84,2492.59,925.40K,-4.40%
7/5/2022,2636.03,2692.92,2703.11,2589.29,458.05K,-2.11%
6/5/2022,2692.88,2747.60,2757.14,2635.85,881.18K,-1.99%
5/5/2022,2747.46,2940.70,2952.84,2730.95,899.82K,-6.57%
4/5/2022,2940.70,2781.47,2963.54,2773.90,662.07K,5.72%
3/5/2022,2781.47,2856.01,2861.42,2757.36,447.80K,-2.61%
2/5/2022,2856.01,2825.65,2879.99,2780.08,617.74K,1.07%
1/5/2022,2825.80,2727.20,2847.02,2720.57,512.01K,3.62%
30-04-2022,2727.18,2817.14,2841.16,2716.31,430.98K,-3.18%
29-04-2022,2816.66,2937.01,2946.18,2778.33,629.56K,-4.10%
28-04-2022,2937.01,2889.01,2977.78,2856.42,726.03K,1.66%
27-04-2022,2888.99,2810.42,2916.39,2795.58,602.24K,2.80%
26-04-2022,2810.42,3006.04,3032.70,2768.38,694.46K,-6.51%
25-04-2022,3006.04,2922.03,3023.23,2800.21,807.69K,2.88%
24-04-2022,2922.03,2931.90,2966.94,2915.66,269.29K,-0.34%
23-04-2022,2931.90,2963.00,2977.45,2917.84,227.07K,-1.05%
22-04-2022,2963.00,2983.91,3029.14,2937.47,544.89K,-0.70%
21-04-2022,2983.95,3076.06,3176.69,2950.97,675.44K,-3.00%
20-04-2022,3076.38,3101.79,3161.90,3037.67,512.72K,-0.83%
19-04-2022,3102.01,3055.86,3128.86,3030.32,427.14K,1.52%
18-04-2022,3055.64,2989.05,3069.07,2887.25,681.76K,2.23%
17-04-2022,2989.05,3058.96,3081.14,2983.17,311.54K,-2.29%
16-04-2022,3058.96,3042.01,3084.84,3011.47,245.47K,0.56%
15-04-2022,3042.01,3021.93,3056.84,2996.62,309.95K,0.66%
14-04-2022,3021.93,3117.21,3143.18,2980.84,546.54K,-3.05%
13-04-2022,3116.92,3027.64,3128.20,2999.66,563.89K,2.96%
12/4/2022,3027.25,2978.45,3082.02,2951.80,790.54K,1.64%
11/4/2022,2978.29,3201.99,3213.52,2953.66,876.67K,-6.98%
10/4/2022,3201.84,3259.59,3306.14,3198.10,327.86K,-1.76%
9/4/2022,3259.35,3193.54,3268.18,3182.10,283.24K,2.05%
8/4/2022,3193.93,3228.83,3311.42,3174.14,654.82K,-1.08%
7/4/2022,3228.84,3169.58,3268.56,3143.96,569.39K,1.87%
6/4/2022,3169.58,3406.83,3406.87,3164.24,950.59K,-6.96%
5/4/2022,3406.78,3520.35,3554.54,3400.74,500.27K,-3.23%
4/4/2022,3520.41,3521.16,3544.92,3412.01,547.68K,-0.02%
3/4/2022,3521.10,3442.34,3579.82,3414.40,473.54K,2.29%
2/4/2022,3442.34,3456.18,3529.63,3436.79,629.29K,-0.40%
1/4/2022,3456.18,3282.33,3478.74,3215.33,649.92K,5.30%
31-03-2022,3282.35,3385.60,3444.43,3263.36,545.44K,-3.05%
30-03-2022,3385.64,3401.86,3445.98,3333.50,425.38K,-0.48%
29-03-2022,3401.89,3329.67,3481.23,3329.67,570.03K,2.18%
28-03-2022,3329.38,3295.73,3428.41,3275.32,628.91K,0.98%
27-03-2022,3297.04,3145.95,3297.40,3126.46,402.02K,4.80%
26-03-2022,3146.01,3103.43,3150.09,3085.80,244.28K,1.37%
25-03-2022,3103.51,3110.80,3192.73,3081.71,583.25K,-0.18%
24-03-2022,3109.25,3036.18,3126.37,3005.99,699.58K,2.41%
23-03-2022,3036.12,2969.64,3042.28,2925.78,536.63K,2.24%
22-03-2022,2969.64,2891.41,3048.32,2887.69,716.47K,2.70%
21-03-2022,2891.63,2861.66,2960.42,2830.38,546.61K,1.05%
20-03-2022,2861.69,2950.03,2962.19,2819.27,436.11K,-2.99%
19-03-2022,2949.92,2939.76,2984.00,2895.30,392.64K,0.35%
18-03-2022,2939.76,2812.29,2983.11,2768.65,1.59B,4.53%
17-03-2022,2812.29,2773.80,2832.61,2747.06,1.06B,1.38%
16-03-2022,2773.94,2617.43,2787.12,2603.80,1.79B,5.98%
15-03-2022,2617.43,2589.54,2667.61,2510.75,1.19B,1.09%
14-03-2022,2589.30,2516.75,2608.68,2500.12,991.82M,2.88%
13-03-2022,2516.75,2569.80,2600.65,2494.59,811.55M,-2.06%
12/3/2022,2569.80,2556.96,2612.33,2555.85,567.25M,0.50%
11/3/2022,2556.96,2606.50,2670.05,2525.20,1.28B,-1.90%
10/3/2022,2606.50,2726.94,2731.37,2559.90,1.46B,-4.42%
9/3/2022,2726.94,2577.21,2772.09,2569.13,1.52B,5.81%
8/3/2022,2577.21,2492.53,2623.99,2483.29,1.44B,3.40%
7/3/2022,2492.53,2549.40,2645.41,2447.74,1.58B,-2.23%
6/3/2022,2549.40,2665.42,2673.19,2542.19,881.09M,-4.35%
5/3/2022,2665.42,2622.15,2684.50,2592.07,709.87M,1.65%
4/3/2022,2622.15,2834.78,2835.94,2575.63,1.50B,-7.50%
3/3/2022,2834.91,2947.03,2967.90,2789.87,521.36K,-3.81%
2/3/2022,2947.14,2975.80,3041.84,2914.70,740.37K,-0.96%
1/3/2022,2975.81,2922.44,3036.59,2858.54,828.62K,1.82%
28-02-2022,2922.50,2616.34,2949.44,2574.12,899.19K,11.70%
27-02-2022,2616.34,2779.55,2834.61,2562.94,804.74K,-5.78%
26-02-2022,2776.96,2767.58,2856.01,2734.56,520.44K,0.34%
25-02-2022,2767.53,2596.52,2830.31,2573.39,828.87K,6.59%
24-02-2022,2596.52,2578.54,2732.02,2303.07,1.85M,0.71%
23-02-2022,2578.15,2637.38,2749.80,2578.15,636.50K,-2.20%
22-02-2022,2636.13,2569.19,2663.01,2501.40,841.13K,2.58%
21-02-2022,2569.87,2619.32,2755.58,2560.24,996.71K,-1.89%
20-02-2022,2619.32,2763.97,2764.46,2577.52,508.49K,-5.23%
19-02-2022,2763.81,2779.44,2829.20,2699.70,377.08K,-0.57%
18-02-2022,2779.56,2893.78,2943.14,2754.15,623.19K,-3.96%
17-02-2022,2894.03,3122.33,3159.83,2855.66,661.98K,-7.21%
16-02-2022,3118.90,3182.32,3184.88,3045.92,416.70K,-1.99%
15-02-2022,3182.27,2929.29,3193.18,2912.61,540.04K,8.64%
14-02-2022,2929.31,2871.06,2963.70,2834.13,477.24K,2.06%
13-02-2022,2870.25,2917.16,2952.94,2838.29,303.12K,-1.61%
12/2/2022,2917.10,2927.64,2984.72,2858.85,433.29K,-0.36%
11/2/2022,2927.63,3071.80,3136.33,2880.60,607.93K,-4.69%
10/2/2022,3071.83,3243.73,3277.36,3058.59,742.54K,-5.30%
9/2/2022,3243.62,3115.91,3266.41,3055.95,477.82K,4.10%
8/2/2022,3115.88,3139.65,3228.86,3029.70,664.45K,-0.77%
7/2/2022,3140.18,3056.29,3185.77,2995.59,568.42K,2.75%
6/2/2022,3056.20,3013.75,3073.23,2957.16,316.58K,1.41%
5/2/2022,3013.81,2994.74,3058.88,2963.11,473.62K,0.63%
4/2/2022,2994.99,2692.80,2994.99,2671.72,908.75K,11.22%
3/2/2022,2692.80,2680.66,2723.97,2579.80,549.27K,0.44%
2/2/2022,2681.00,2787.16,2809.57,2618.07,602.40K,-3.81%
1/2/2022,2787.16,2686.82,2808.60,2676.32,521.74K,3.73%
31-01-2022,2686.82,2602.71,2704.64,2478.85,601.73K,3.23%
30-01-2022,2602.77,2600.12,2636.04,2543.99,381.84K,0.11%
29-01-2022,2600.02,2545.95,2632.51,2520.14,484.18K,2.12%
28-01-2022,2545.95,2424.66,2556.34,2362.53,634.50K,5.00%
27-01-2022,2424.66,2462.25,2515.19,2317.30,774.54K,-1.49%
26-01-2022,2461.41,2458.07,2719.32,2405.66,1.05M,0.14%
25-01-2022,2458.07,2441.01,2504.32,2352.36,656.03K,0.70%
24-01-2022,2441.01,2540.81,2540.81,2161.55,1.56M,-3.93%
23-01-2022,2540.81,2412.52,2547.19,2373.85,766.83K,5.32%
22-01-2022,2412.52,2570.67,2621.21,2311.80,1.48M,-6.17%
21-01-2022,2571.29,3000.21,3032.69,2471.80,1.42M,-14.43%
20-01-2022,3004.72,3084.48,3270.71,2989.19,481.08K,-2.56%
19-01-2022,3083.65,3160.15,3173.63,3049.30,459.81K,-2.42%
18-01-2022,3160.15,3209.43,3242.47,3084.48,399.19K,-1.53%
17-01-2022,3209.35,3346.63,3356.45,3142.40,375.28K,-4.10%
16-01-2022,3346.59,3326.50,3388.22,3276.44,295.68K,0.57%
15-01-2022,3327.74,3307.84,3369.95,3265.41,292.10K,0.60%
14-01-2022,3307.90,3241.95,3341.24,3195.65,415.18K,2.16%
13-01-2022,3238.03,3370.87,3407.98,3234.97,462.81K,-3.94%
12/1/2022,3370.89,3238.22,3406.79,3208.00,530.96K,4.11%
11/1/2022,3237.89,3084.64,3262.78,3053.40,505.21K,4.94%
10/1/2022,3085.43,3150.27,3179.96,2931.68,804.38K,-2.06%
9/1/2022,3150.30,3079.89,3210.34,3060.47,415.87K,2.28%
8/1/2022,3080.02,3198.14,3244.46,3001.76,566.06K,-3.61%
7/1/2022,3195.31,3407.22,3413.26,3077.30,979.25K,-6.23%
6/1/2022,3407.77,3536.15,3550.19,3306.14,701.89K,-3.62%
5/1/2022,3535.86,3784.47,3846.44,3418.46,582.71K,-6.69%
4/1/2022,3789.52,3764.62,3889.07,3715.24,415.81K,0.67%
3/1/2022,3764.24,3830.70,3849.50,3682.48,338.51K,-1.73%
2/1/2022,3830.67,3765.67,3851.16,3718.33,242.55K,1.73%
1/1/2022,3765.67,3677.69,3775.20,3675.75,239.54K,2.39%
31-12-2021,3677.85,3709.38,3812.01,3623.74,405.65K,-0.85%
30-12-2021,3709.57,3629.33,3767.93,3589.64,355.72K,2.25%
29-12-2021,3627.93,3792.95,3825.97,3607.20,456.03K,-4.32%
28-12-2021,3791.69,4036.86,4036.86,3760.86,527.23K,-6.06%
27-12-2021,4036.24,4062.02,4125.22,4033.04,313.32K,-0.62%
26-12-2021,4061.27,4093.38,4104.23,4005.38,283.58K,-0.78%
25-12-2021,4093.14,4043.60,4136.03,4024.87,308.53K,1.23%
24-12-2021,4043.39,4110.20,4133.77,4024.24,353.85K,-1.62%
23-12-2021,4110.14,3979.57,4149.17,3895.89,573.18K,3.28%
22-12-2021,3979.54,4016.25,4072.40,3944.15,426.43K,-0.92%
21-12-2021,4016.59,3944.03,4058.76,3915.56,496.71K,1.98%
20-12-2021,3938.80,3925.46,3978.66,3757.42,531.11K,0.34%
19-12-2021,3925.34,3959.90,4025.36,3890.90,442.49K,-0.87%
18-12-2021,3959.83,3878.20,3993.05,3769.91,475.86K,2.10%
17-12-2021,3878.29,3957.12,3993.87,3702.33,654.90K,-1.98%
16-12-2021,3956.62,4019.57,4108.24,3955.46,512.12K,-1.56%
15-12-2021,4019.24,3860.51,4090.15,3649.69,821.22K,4.08%
14-12-2021,3861.55,3782.12,3879.43,3690.06,577.61K,2.11%
13-12-2021,3781.94,4131.47,4141.27,3673.19,891.67K,-8.47%
12/12/2021,4131.78,4078.17,4173.21,3988.29,360.45K,1.38%
11/12/2021,4075.66,3903.52,4094.92,3836.92,581.26K,4.41%
10/12/2021,3903.48,4107.20,4226.79,3894.03,798.12K,-4.97%
9/12/2021,4107.69,4435.74,4482.89,4078.14,642.17K,-7.40%
8/12/2021,4435.74,4307.08,4449.69,4229.63,574.33K,2.99%
7/12/2021,4307.08,4351.36,4424.20,4259.45,550.78K,-1.06%
6/12/2021,4353.31,4194.95,4373.23,3922.65,993.79K,3.78%
5/12/2021,4194.80,4118.27,4247.38,4036.00,707.69K,1.73%
4/12/2021,4123.46,4219.30,4237.56,3533.02,1.52M,-2.27%
3/12/2021,4219.30,4512.90,4646.73,4047.07,942.77K,-6.51%
2/12/2021,4512.90,4583.28,4629.75,4437.53,608.07K,-1.54%
1/12/2021,4583.28,4628.72,4778.14,4525.33,669.18K,-0.99%
30-11-2021,4628.90,4443.22,4749.12,4349.21,973.46K,4.18%
29-11-2021,4443.22,4296.98,4456.82,4280.18,532.66K,3.40%
28-11-2021,4296.98,4095.16,4297.63,3980.24,487.53K,4.94%
27-11-2021,4094.80,4037.06,4183.02,4029.06,370.73K,1.49%
26-11-2021,4034.53,4520.30,4548.10,3917.43,1.00M,-10.75%
25-11-2021,4520.30,4270.73,4549.74,4248.90,578.65K,5.77%
24-11-2021,4273.54,4340.23,4372.83,4172.19,595.96K,-1.54%
23-11-2021,4340.23,4086.73,4384.75,4064.17,684.35K,6.20%
22-11-2021,4086.95,4268.07,4311.46,4026.75,717.08K,-4.24%
21-11-2021,4268.08,4409.02,4422.60,4246.20,446.23K,-3.19%
20-11-2021,4408.85,4295.27,4434.27,4206.75,462.99K,2.64%
19-11-2021,4295.43,3996.29,4305.41,3978.08,571.96K,7.34%
18-11-2021,4001.87,4290.31,4342.74,3958.44,792.38K,-6.74%
17-11-2021,4290.88,4208.29,4298.30,4071.01,664.94K,1.97%
16-11-2021,4208.16,4562.97,4562.97,4115.31,1.12M,-7.78%
15-11-2021,4562.98,4625.71,4769.38,4543.47,495.96K,-1.35%
14-11-2021,4625.59,4644.40,4692.76,4514.95,340.96K,-0.41%
13-11-2021,4644.61,4665.76,4705.02,4585.37,290.27K,-0.49%
12/11/2021,4667.31,4720.50,4807.16,4511.96,634.59K,-1.13%
11/11/2021,4720.87,4633.98,4778.17,4578.66,418.61K,1.87%
10/11/2021,4634.03,4731.83,4864.06,4498.78,761.90K,-2.07%
9/11/2021,4731.83,4808.34,4836.69,4715.43,437.41K,-1.59%
8/11/2021,4808.38,4612.05,4822.97,4612.05,673.21K,4.26%
7/11/2021,4612.06,4517.27,4634.39,4502.70,337.81K,2.10%
6/11/2021,4517.36,4475.00,4526.75,4330.29,442.60K,0.95%
5/11/2021,4475.00,4534.96,4569.31,4439.67,409.75K,-1.33%
4/11/2021,4535.11,4601.93,4604.83,4421.87,495.86K,-1.46%
3/11/2021,4602.21,4586.96,4661.88,4458.87,634.68K,0.35%
2/11/2021,4586.06,4320.85,4598.38,4287.36,630.26K,6.14%
1/11/2021,4320.85,4287.41,4376.94,4157.51,574.26K,0.78%
31-10-2021,4287.56,4322.00,4393.61,4169.48,555.32K,-0.77%
30-10-2021,4320.65,4413.70,4428.41,4250.24,494.87K,-2.11%
29-10-2021,4413.70,4284.90,4458.30,4268.21,781.57K,3.01%
28-10-2021,4284.90,3921.54,4289.80,3896.33,865.80K,9.25%
27-10-2021,3921.93,4130.06,4299.61,3914.06,1.07M,-5.03%
26-10-2021,4129.51,4219.92,4291.98,4098.19,559.29K,-2.14%
25-10-2021,4219.92,4082.68,4234.76,4069.94,481.41K,3.36%
24-10-2021,4082.80,4168.80,4184.00,3965.84,507.63K,-2.06%
23-10-2021,4168.85,3970.94,4169.33,3938.79,487.03K,4.98%
22-10-2021,3970.94,4053.89,4164.11,3896.40,654.77K,-2.05%
21-10-2021,4054.16,4160.51,4366.91,4029.48,1.14M,-2.54%
20-10-2021,4159.89,3876.76,4168.12,3830.26,752.03K,7.30%
19-10-2021,3876.78,3745.46,3884.34,3733.78,488.60K,3.45%
18-10-2021,3747.60,3848.64,3892.01,3685.82,578.21K,-2.55%
17-10-2021,3845.47,3827.55,3917.56,3664.63,543.52K,0.47%
16-10-2021,3827.55,3869.05,3967.43,3804.55,527.61K,-1.02%
15-10-2021,3866.90,3790.34,3904.91,3735.21,721.14K,2.02%
14-10-2021,3790.41,3607.36,3820.47,3588.24,697.09K,5.08%
13-10-2021,3607.28,3491.08,3612.04,3416.00,557.18K,3.36%
12/10/2021,3489.90,3541.49,3545.35,3404.49,609.89K,-1.56%
11/10/2021,3545.06,3414.93,3622.53,3381.43,683.24K,3.81%
10/10/2021,3415.03,3574.52,3599.18,3409.22,767.49K,-4.45%
9/10/2021,3574.20,3559.96,3626.11,3541.40,464.11K,0.42%
8/10/2021,3559.42,3586.91,3668.35,3537.24,681.74K,-0.74%
7/10/2021,3586.00,3575.43,3650.18,3473.47,826.29K,0.30%
6/10/2021,3575.41,3515.35,3627.19,3345.56,1.05M,1.65%
5/10/2021,3517.26,3383.32,3540.83,3365.28,663.88K,3.97%
4/10/2021,3382.90,3417.26,3436.34,3273.22,826.83K,-1.01%
3/10/2021,3417.34,3388.83,3485.48,3346.63,642.59K,0.84%
2/10/2021,3388.97,3309.14,3467.95,3265.97,778.15K,2.41%
1/10/2021,3309.13,2999.86,3329.32,2972.75,1.14M,10.28%
30-09-2021,3000.59,2851.06,3047.08,2837.68,968.23K,5.23%
29-09-2021,2851.50,2807.15,2948.50,2784.66,728.86K,1.57%
28-09-2021,2807.28,2926.04,2969.18,2791.42,896.28K,-4.07%
27-09-2021,2926.24,3061.86,3163.86,2926.24,865.30K,-4.48%
26-09-2021,3063.51,2922.47,3113.65,2740.12,1.33M,4.82%
25-09-2021,2922.55,2928.59,2965.48,2812.70,975.49K,-0.21%
24-09-2021,2928.57,3152.92,3158.38,2740.06,1.74M,-7.12%
23-09-2021,3152.92,3077.80,3173.00,3035.96,841.54K,2.44%
22-09-2021,3077.78,2764.71,3087.97,2740.58,1.19M,11.45%
21-09-2021,2761.52,2976.70,3101.88,2659.71,1.79M,-7.21%
20-09-2021,2976.05,3328.49,3344.04,2931.64,1.72M,-10.61%
19-09-2021,3329.12,3435.92,3455.67,3282.85,614.00K,-3.11%
18-09-2021,3435.97,3398.55,3539.50,3371.33,600.19K,1.10%
17-09-2021,3398.65,3569.92,3592.20,3352.32,748.10K,-4.78%
16-09-2021,3569.43,3612.23,3672.68,3488.53,195.79K,-1.18%
15-09-2021,3611.90,3430.36,3612.29,3361.63,790.27K,5.34%
14-09-2021,3428.87,3284.65,3428.87,3270.91,720.34K,4.39%
13-09-2021,3284.52,3408.17,3429.24,3118.66,1.34M,-3.63%
12/9/2021,3408.28,3267.33,3469.50,3231.87,805.97K,4.31%
11/9/2021,3267.33,3209.37,3345.37,3202.41,732.95K,1.87%
10/9/2021,3207.27,3423.87,3512.90,3156.28,1.21M,-6.32%
9/9/2021,3423.51,3498.92,3564.30,3395.94,1.09M,-2.05%
8/9/2021,3495.10,3424.35,3557.67,3221.60,780.68K,2.10%
7/9/2021,3423.12,3926.84,3945.79,3061.30,2.47M,-12.84%
6/9/2021,3927.21,3950.20,3968.20,3867.55,764.56K,-0.59%
5/9/2021,3950.62,3885.40,3981.22,3834.74,714.16K,1.69%
4/9/2021,3884.97,3938.45,3968.33,3844.07,672.53K,-1.30%
3/9/2021,3936.29,3785.85,4024.89,3715.97,1.20M,3.96%
2/9/2021,3786.19,3826.90,3833.89,3723.42,928.70K,-1.21%
1/9/2021,3832.73,3429.65,3839.91,3384.82,1.48M,11.72%
31-08-2021,3430.74,3228.23,3467.42,3191.34,1.52M,6.36%
30-08-2021,3225.67,3222.43,3345.72,3145.53,966.58K,0.11%
29-08-2021,3222.16,3243.96,3282.21,3155.31,643.73K,-0.67%
28-08-2021,3243.90,3273.78,3284.58,3212.24,466.21K,-0.91%
27-08-2021,3273.58,3093.78,3279.93,3063.37,839.54K,5.82%
26-08-2021,3093.54,3228.03,3249.62,3057.48,118.44K,-4.17%
25-08-2021,3228.15,3172.12,3247.43,3080.70,923.13K,1.73%
24-08-2021,3173.26,3322.60,3357.99,3150.75,988.82K,-4.41%
23-08-2021,3319.49,3238.41,3375.42,3231.96,1.09M,2.49%
22-08-2021,3238.70,3224.17,3271.94,3128.98,747.65K,0.46%
21-08-2021,3223.96,3285.12,3307.33,3200.19,768.74K,-1.83%
20-08-2021,3284.21,3184.83,3300.36,3179.18,739.32K,3.12%
19-08-2021,3184.82,3016.92,3185.51,2962.04,844.13K,5.57%
18-08-2021,3016.91,3012.62,3124.51,2951.04,750.74K,0.08%
17-08-2021,3014.58,3147.67,3290.03,2993.63,1.06M,-4.23%
16-08-2021,3147.65,3307.96,3334.22,3138.37,859.09K,-4.87%
15-08-2021,3308.87,3264.56,3318.61,3115.34,782.81K,1.35%
14-08-2021,3264.69,3322.25,3328.38,3209.45,658.60K,-1.74%
13-08-2021,3322.43,3043.20,3324.53,3035.52,795.54K,9.16%
12/8/2021,3043.61,3160.17,3236.28,2981.35,965.63K,-3.79%
11/8/2021,3163.66,3140.86,3269.70,3122.67,950.12K,0.73%
10/8/2021,3140.71,3162.81,3232.02,3057.84,1.12M,-0.70%
9/8/2021,3162.93,3011.88,3184.84,2899.24,1.44M,5.01%
8/8/2021,3012.07,3158.30,3188.49,2949.66,1.25M,-4.62%
7/8/2021,3158.00,2889.58,3169.74,2867.58,64.84K,9.29%
6/8/2021,2889.43,2827.23,2946.62,2726.04,1.06M,2.20%
5/8/2021,2827.21,2725.28,2842.95,2533.51,1.65M,3.74%
4/8/2021,2725.29,2506.50,2766.46,2462.32,1.23M,8.72%
3/8/2021,2506.65,2608.01,2631.43,2445.49,158.45K,-3.89%
2/8/2021,2608.04,2556.07,2664.73,2513.51,970.67K,2.03%
1/8/2021,2556.23,2530.94,2696.38,2515.26,1.20M,0.95%
31-07-2021,2532.19,2461.08,2551.68,2421.70,507.08K,2.89%
30-07-2021,2460.95,2380.59,2467.40,2320.80,1.03M,3.36%
29-07-2021,2380.93,2299.46,2397.71,2269.15,642.75K,3.56%
28-07-2021,2299.11,2300.21,2343.49,2246.23,968.94K,-0.05%
27-07-2021,2300.22,2230.24,2318.68,2152.92,1.25M,3.17%
26-07-2021,2229.53,2189.74,2430.01,2174.44,1.89M,1.81%
25-07-2021,2189.79,2166.98,2195.03,2108.74,786.94K,1.76%
24-07-2021,2151.85,2124.00,2162.29,2106.71,907.11K,1.33%
23-07-2021,2123.61,2024.51,2129.66,2000.27,961.67K,4.89%
22-07-2021,2024.58,1994.61,2043.26,1952.31,1.02M,1.51%
21-07-2021,1994.49,1786.18,2029.51,1758.64,1.51M,11.67%
20-07-2021,1786.07,1818.07,1840.36,1720.70,1.20M,-1.76%
19-07-2021,1818.07,1891.43,1915.15,1807.19,802.78K,-3.93%
18-07-2021,1892.42,1898.01,1988.24,1881.60,829.77K,-0.29%
17-07-2021,1897.98,1877.00,1917.80,1851.97,623.52K,1.05%
16-07-2021,1878.20,1917.21,1960.21,1852.42,619.62K,-2.03%
15-07-2021,1917.21,1994.73,2038.91,1884.81,645.06K,-3.88%
14-07-2021,1994.64,1940.48,2017.99,1868.45,1.05M,2.78%
13-07-2021,1940.72,2035.09,2042.61,1920.62,717.85K,-4.64%
12/7/2021,2035.09,2139.44,2167.60,2008.66,540.10K,-4.87%
11/7/2021,2139.35,2110.90,2173.34,2081.62,724.84K,1.34%
10/7/2021,2111.12,2146.15,2191.30,2078.43,929.32K,-1.62%
9/7/2021,2145.89,2120.05,2185.62,2066.09,1.42M,1.21%
8/7/2021,2120.22,2316.21,2322.47,2095.92,1.82M,-8.48%
7/7/2021,2316.57,2322.74,2402.68,2296.43,1.32M,-0.26%
